Image,Name,Price,Description,Sku,,,Category
image_2.avif,Ikigai: The Japanese Secret to a Long and Happy Life Book by Francesc Miralles and Hector Garcia,999,,108710433,,,Books
image_3.avif,The Art of Not Overthinking by Shaurya Kapoor,999,,174320070,,,Books
image_4.avif,Think And Grow Rich By Nepoleon Hill,999,,106008115,,,Books
image_5.avif,The 48 Laws Of Power By Robert Greene,999,,115628869,,,Books
image_6.avif,Saral CMAT Entrance Preparation Book | Updated 2082 Edition,999,,398253688,,,Books
image_7.avif,The Power Of Your Subconscious Mind By Joseph Murphy,999,,115113458,,,Books
image_8.avif,As a Man Thinketh (Nepali Translation of As a Man Thinketh by James Allen) Jasto Soch Testai Jeevan,999,,128222317,,,Books
image_9.avif,Ikigai : Hardcover : Japanese Secret to Long and Happy Life,999,,162990556,,,Books
image_10.avif,The Subtle Art Of Not Giving A F*ck By Mark Manson,999,,151949703,,,Books
image_11.avif,Rich Dad Poor Dad (Nepali) By Robart T Kiyosaki,999,,100116059,,,Books
image_12.avif,Eat That Frog (Nepali) By Brain Tracy,999,,130079254,,,Books
image_13.avif,Saral BIT Entrance Preparation Book | Updated 2082 Edition,999,,398257540,,,Books
image_14.avif,"The Art of Being Alone By Renuka Gavrani : Loneliness Was My Cage, Solitude Is My Home",999,,176903149,,,Books
image_15.avif,The Intelligent Investor By Benjamin Graham,999,,164744220,,,Books
image_16.avif,The Psychology Of Money By Morgan Housel,999,,170040279,,,Books
image_17.avif,Share Market Analysis Combo - 5 Books By Rabindra Bhattarai,999,,105936919,,,Books
image_18.avif,The Intelligent Investor Book by Benjamin Graham,999,,108702804,,,Books
image_19.avif,Think & Grow Rich Nepali Translation,999,,100848693,,,Books
image_20.avif,Nilo Prem (Paperback) By Purushottam Bajagai,999,,400123618,,,Books
image_21.avif,Jurisprudence (Legal Theory) / Dr. S.R.Myneni / 3rd Edition,999,,128521114,,,Books
image_22.avif,The Power of Your Subconscious Mind By Joseph Murphy,999,,128279962,,,Books
image_23.avif,It Start With Us + It End With Us (Bestseller Combo),999,,132004175,,,Books
image_24.avif,Can't Hurt Me By David Goggins,999,,115600136,,,Books
image_25.avif,Trading In The Zone By Mark Douglas,999,,113469587,,,Books
image_26.avif,The Secret By Rhonda Byrne,999,,115608656,,,Books
image_27.avif,The Art of Not Overthinking By Shaurya Kapoor : Believing in Yourself and Building Your Dream Life,999,,176903171,,,Books
image_28.avif,The Art of Being Alone By Renuka Gavrani,999,,129906121,,,Books
image_29.avif,The Power Of Your Subconscious Mind By Joseph Murphy,999,,131995949,,,Books
image_30.avif,The Psychology of Money (Nepali) By Morgan Housel,999,,127277496,,,Books
image_31.avif,Candlestick Patterns and Chart Patterns(Nepali by Bibek Sharma) Share book,999,,187835292,,,Books
image_32.avif,Ek Sarko Maya and Nilo Prem( Two Famous Nepali Novels),999,,410674403,,,Books
image_33.avif,The Art of Public Speaking By Dale Carnegie,999,,115856153,,,Books
image_34.avif,I Don't Love You Anymore + Warmth,999,,157645363,,,Books
image_35.avif,The Intelligent Investor By Benjamin Graham,999,,128304781,,,Books
image_36.avif,The Mountain Is You By Brianna Wiest,999,,135419278,,,Books
image_37.avif,Srimad Bhagavad Gita Yatharup - Hindi,999,,103494019,,,Books
image_38.avif,Seto Dharti - Amar Neupane -2068 Bs Madan Puraskar Winner,999,,103376598,,,Books
image_39.avif,The Power Of Your Subconscious Mind By Joseph Murphy,999,,161553902,,,Books
image_40.avif,Who Moved My Cheese? by Spencer Johnson,999,,155123665,,,Books
image_41.avif,Bhagavad Gita Nepali Pocket Edition,999,,128508335,,,Books
image_42.avif,Radha By Krishna Dharabasi,999,,100420336,,,Books
image_43.avif,Combo Offer of 3 Best Seller Books : Rich Dad Poor Dad / Think and Grow Rich / The Power of Your Subconscious Mind ),999,,119163347,,,Books
image_44.avif,Samaya Byawasthapan By Dr.Sudhir Dixit,999,,100942108,,,Books
image_45.avif,The Richest Man In Babylon By George S. Clason (Nepali Translation),999,,100948046,,,Books
image_46.avif,Market Wizards Book by Jack D. Schwager,999,,152760150,,,Books
image_47.avif,Atomic Habits,999,,129172886,,,Books
image_48.avif,Tax Laws in Nepal by Laxmi Narayan Dhungel,999,,112293602,,,Books
image_49.avif,How To Win Friends And Influence People By Dale Carnegie,999,,115118139,,,Books
image_50.avif,Jit Tapaiko By Best Seller Nepali Books,999,,119393750,,,Books
image_51.avif,The Let Them Theory By Mel Robbins : A Life-Changing Tool That Millions of People Can't Stop Talking About,999,,297840194,,,Books
image_52.avif,Think and Grow Rich by Napoleon Hill,999,,116689552,,,Books
image_53.avif,Ikigai & Atomic Habits : Set of 2 Books (Best Combo),999,,179691238,,,Books
image_54.avif,The Art Of Laziness By Library Mindset,999,,296519799,,,Books
image_55.avif,Norwegian Wood By Haruki Murakami,999,,115613460,,,Books
image_56.avif,The Subtle Art Of Not Giving Fu*k A By Mark Manson,999,,170643807,,,Books
image_57.avif,Ijoriya by Subin Bhattarai,999,,119111840,,,Books
image_58.avif,"The Power of your Subconscious Mind By Joseph Murphy (Premium Paperback, Penguin) - The Most Compelling Self-Help Guide Ever Written - Original and Unabridged",999,,106724405,,,Books
image_59.avif,Do It Today by Darius Foroux,999,,127815761,,,Books
image_60.avif,Start With Why By Simon Sinek,999,,113470602,,,Books
image_61.avif,Rich Dad Poor Dad By Robert Kiyosaki : What the Rich Teach Their Kids About Money,999,,164945009,,,Books
image_62.avif,Deep Work: Rules for Focused Success in a Distracted World,999,,128303162,,,Books
image_63.avif,Shireesh Ko Phool By Parijat,999,,129283539,,,Books
image_64.avif,The Diary of a CEO: The 33 Laws of Business and Life by Steven Bartlett,999,,129909050,,,Books
image_65.avif,Start With Why Simon Sinek,999,,127871442,,,Books
image_66.avif,The Leader In You By Dale Carnegie,999,,115576897,,,Books
image_67.avif,Chanakya Niti Sutra,999,,128231117,,,Books
image_68.avif,Intelligent Investor (Nepali) Sharema Lagani by Benjamin,999,,128001036,,,Books
image_69.avif,You Become What You Think,999,,295455565,,,Books
image_70.avif,Combo : 2 Self-Help Books: The Power of Your Subconscious Mind / Think and Grow Rich - Self- Improvement Books |,999,,119163336,,,Books
image_71.avif,"Set of 6 Share Market Analysis Combo Books (Nepali, Paperback) By Rabindra Bhattarai",999,,147436869,,,Books
image_72.avif,Thank You for Leaving,999,,187721743,,,Books
image_73.avif,How To Talk To Anyone By Leil Lowndes,999,,115654279,,,Books
image_74.avif,The Psychology of Money (Hindi) By Morgan Housel,999,,105958087,,,Books
image_75.avif,The Intelligent Investor By Benjamin Graham,999,,103347043,,,Books
image_76.avif,"Dhani Buba Garib Buba - Robert T. Kiyosaki (Nepali Translation Of Rich Dad, Poor Dad) (Bestseller)",999,,100270035,,,Books
image_77.avif,Nilo Pream by Purushottam Bajagai,999,,366323491,,,Books
image_78.avif,The Art Of War by Sun Tzu,999,,128132700,,,Books
image_79.avif,THE ART OF LOGICAL THINKING AND REASONING,999,,104596107,,,Books
image_80.avif,Tapai ko Avachetan Mann ko Shakti - Joseph Murphy (The Power Of Your Subconscious Mind Nepali translation),999,,103668828,,,Books
image_81.avif,Technical Analysis of the Financial Markets: A Comprehensive Guide to Trading Methods and Applications John J. Murphy,999,,128156310,,,Books
image_82.avif,Man's Search For Meaning By Viktor E. Frankl,999,,127844246,,,Books
image_83.avif,Read People Like a Book By Patrick King,999,,158398283,,,Books
image_84.avif,"Dhani Buwa, Garib Buwa( Rich Dad Poor Dad) By Robert Kiyosaki World Most Sales Book",999,,104834862,,,Books
image_85.avif,Sambhog Se Samadhi Ki Or By Osho ( Hindi Paperback ),999,,131287693,,,Books
image_86.avif,Ego Is the Enemy by Ryan Holiday,999,,132164181,,,Books
image_87.avif,Ikigai: The Japanese Secret To A Long And Happy Life,999,,128088149,,,Books
image_88.avif,400 Days By Chetan Bhagat,999,,292386623,,,Books
image_89.avif,Ek Sarko Maya (Nepali) by G.S. Poudel,999,,153610183,,,Books
image_90.avif,Can't Hurt Me: Master Your Mind and Defy the Odds by David Goggins,999,,128313060,,,Books
image_91.avif,B Pharma Explorer 6Th Edition,999,,118900808,,,Books
image_92.avif,$100M Offers by Alex Hormozi,999,,169559872,,,Books
image_93.avif,How To Stop Worrying And Start Living by Dale Carnegie,999,,156768951,,,Books
image_94.avif,The Millionaire Fastlane By MJ DeMarco : Crack the Code to Wealth and Live Rich for a Lifetime,999,,295775836,,,Books
image_95.avif,The Power of Your Subconscious Mind By Joseph Murphy,999,,152115001,,,Books
image_96.avif,The Subtle Art Of Not Giving A F*ck By Mark Manson,999,,128282415,,,Books
image_97.avif,The Greatest Salesman In The World - Og Mandino,999,,104782867,,,Books
image_98.avif,Darwar Bahiraki Maharani By Nagendra Naupane,999,,103348756,,,Books
image_99.avif,The Almanack Of Naval Ravikant: A Guide To Wealth And Happiness By Eric Jorgenson,999,,127849565,,,Books
image_100.avif,Book Combo (Colleen Hoover Combo)-It Start With Us + It End With Us,999,,173629500,,,Books
image_101.avif,Bichar Bigyan By Khaptadbaba,999,,106661714,,,Books
image_102.avif,The Art Of War By Sun Tzu,999,,106201277,,,Books
image_103.avif,Atomic Habits (Hindi) by James Clear,999,,125073070,,,Books
image_104.avif,Twisted Series By Ana Huang,999,,153939161,,,Books
image_105.avif,It's Not Summer Without You By Jenny Han,999,,118114177,,,Books
image_106.avif,Sochnuhos Rw Dhani Bannuhos - Napolean Hill Translation Of Think & Grow Rich,999,,103514740,,,Books
image_107.avif,Priya Sufi By Subin Bhattarai,999,,100097553,,,Books
image_108.avif,Dopamine Detox By Thibaut Meurisse : A Short Guide to Remove Distractions and Get Your Brain to Do Hard Things,999,,169229937,,,Books
image_109.avif,Surrounded by Idiots Book by Thomas Erikson,999,,128456745,,,Books
image_110.avif,Combo of Self-help books,999,,127021801,,,Books
image_111.avif,"Share Combo Set 6 Books (Share Mantra, Warren Buffet, Share, Commodities Tatha Bideshi Mudra Ko Pravidhik Bislesan, Share ko Adharbhut Bislesan, Share ma Lagani, Nepalko Share Bazar)",999,,146446499,,,Books
image_112.avif,Shirishko Phool,999,,127806580,,,Books
image_113.avif,The Diary Of A Ceo - Steven Bartlett,999,,129038879,,,Books
image_114.avif,The Monk Who Sold His Ferrari By Robin Sharma,999,,103345294,,,Books
image_115.avif,Power Of Your Subconscious Mind+ Atomic Habits+ Subtle Art + 48 Laws Of Power Combo Set,999,,158070630,,,Books
image_116.avif,We'll Always Have Summer By Jenny Han,999,,119597310,,,Books
image_117.avif,The Millionaire Fastlane By MJ Demarco,999,,125506201,,,Books
image_118.avif,"Share Market Set Of 3 (Share Mantra, Shareko Aadharbhut Bislesan, Nepalko Share Bazar by Rabindra Bhattarai)",999,,105112146,,,Books
image_119.avif,Deep Work By Cal Newport : Rules for Focused Success in a Distracted World,999,,179759784,,,Books
image_120.avif,Name : Atomic Habits: An Easy & Proven Way to Build Good Habits & Break Bad Ones Book by James Clear + Don't Believe Everything You Think: Why Your Thinking Is The Beginning & End Of Suffering Book by Joseph Nguyen Author : f Book Format : Paperback Ge,999,,141271336,,,Books
image_121.avif,The Quick & Easy Way to Effective Speaking By Dale Carnegie,999,,363441131,,,Books
image_122.avif,The Mountain Is You By Brianna Wiest : Transforming Self-Sabotage Into Self-Mastery,999,,185136304,,,Books
image_123.avif,Man's Search For Meaning By Viktor E. Frankl,999,,132004177,,,Books
image_124.avif,The Daily Stoic by Ryan Holiday,999,,128214839,,,Books
image_125.avif,How to Attract Money By Joseph Murphy,999,,112861238,,,Books
image_126.avif,Usle Diyeko Umer by Buddhisagar,999,,128301982,,,Books
image_127.avif,Bhikhari By Mahakavi Laxmi Prasad Devkota,999,,100834629,,,Books
image_128.avif,The Intelligent Investor By Benjamin Graham,999,,115648806,,,Books
image_129.avif,Pahelpur By Gs Poudel,999,,110121542,,,Books
image_130.avif,Trade Like a Stock Market Wizard: How to Achieve Super Performance in Stocks in Any Market,999,,152739606,,,Books
image_131.avif,PHARMA IDOL for Licensure Examination of Pharmacy Assistant 4th edition,999,,112767342,,,Books
image_132.avif,Dhani Buba Garib Buba - Robert T. Kiyosaki (PP),999,,101644485,,,Books
image_133.avif,The Magic By Rhonda Byrne,999,,109951575,,,Books
image_134.avif,Too Good to Be True by Prajakta Koli,999,,188514497,,,Books
image_135.avif,Saral BCA Entrance Preparation Book | Updated 2082 Edition,999,,398272166,,,Books
image_136.avif,The Secret Of Success By William Walker Atkinson,999,,129064216,,,Books
image_137.avif,Student's Objective Biology for CEE 2Nd Edition (For MBBS Entrance),999,,117480372,,,Books
image_138.avif,The Business Of The 21St Century By Robert T. Kiyosaki(Nepali Translation),999,,147863151,,,Books
image_139.avif,The Richest Man In Babylon By George S. Clason (Nepali Translation),999,,103506501,,,Books
image_140.avif,Sell Like Crazy By Sabri Suby,999,,128454473,,,Books
image_141.avif,Essentialism By Greg McKeown,999,,107554012,,,Books
image_142.avif,The Magic (Hindi Edition) By Rhonda Byrne,999,,131346420,,,Books
image_143.avif,Bichar Nai Shakti Ho : Life Changing 28 Formulas - Thought is Powerful (Nepali),999,,120968065,,,Books
image_144.avif,The Secrets Of Millionaire Mind (Nepali) By T. Harv Eker,999,,103378074,,,Books
image_145.avif,The Leader In You By Dale Carnegie,999,,125559467,,,Books
image_146.avif,The Intelligent Investor (Nepali Version) By Benjamin Graham,999,,128657478,,,Books
image_147.avif,Trading In Zone By Mark Douglas,999,,109887758,,,Books
image_148.avif,5 Books Set By Robert Greene (The Concise 48 Laws Of Power; The Concise Laws Of Human Nature; The Concise Mastery; The Concise Art Of Seduction & The Concise 33 Strategies Of War),999,,130040860,,,Books
image_149.avif,Aaithan By Bibek Ojha,999,,126355033,,,Books
image_150.avif,Phulchowki Books As A Man Thinketh By James Allen,999,,104074069,,,Books
image_151.avif,Thinking Fast And Slow By Daniel Kahneman,999,,128319965,,,Books
image_152.avif,Sakaratmak Sochko Shakti ( Nepali Translation of The Power of Positive Thinking) by Norman Vincent Peale,999,,126858687,,,Books
image_153.avif,ABC Review for MBBS Volume- I 2nd Edition,999,,112627124,,,Books
image_154.avif,Who Will Cry When You Die? Robin S. Sharma,999,,127958945,,,Books
image_155.avif,I Fell in Love with Hope,999,,121765371,,,Books
image_156.avif,The Rudest Book Ever By Shwetabhg Gangwar,999,,115701072,,,Books
image_157.avif,The Leader In You,999,,127968151,,,Books
image_158.avif,Share Bazar Ma Candlestick Patterns Ra Chart Patterns For Beginners by Bibek Sharma (Nepali),999,,239292793,,,Books
image_159.avif,"Think and grow rich, The power of your subconscious mind, The power of positive thinking & How to win friends & Influence People",999,,100986172,,,Books
image_160.avif,Influence: The Psychology Of Persuasion By Robert B. Cialdini,999,,169696743,,,Books
image_161.avif,Seto Dharti By Amar Neupane,999,,115854252,,,Books
image_162.avif,Ikigai By Hector Garcia ( Hardcover ) : The Japanese secret to a long and happy life,999,,109130628,,,Books
image_163.avif,Chamatkar - Rhonda Byrne (The Magic Nepali Translation),999,,103348817,,,Books
image_164.avif,The Power Of Your Subconscious Mind By Joshep Murphy,999,,155638371,,,Books
image_165.avif,The 80/20 Principle By Richard Koch,999,,115856166,,,Books
image_166.avif,Maharani by Chandra Prakash Baniya,999,,104430012,,,Books
image_167.avif,Muna Madan - Laxmi Prasad Devkota,999,,128507921,,,Books
image_168.avif,The Almanack Of Naval Ravikant By Eric Jorgenson,999,,113600299,,,Books
image_169.avif,"Sell Like Crazy: How to Get As Many Clients, Customers and Sales As You Can Possibly Handle by Sabri Suby",999,,132162202,,,Books
image_170.avif,Concise law Robert Greene combo (48 laws of power-Robert Greene Art of seduction-Robert Greene Mastery-Robert Greene War-Robert Greene Laws of human nature-Robert Greene),999,,292522424,,,Books
image_171.avif,Limitless By Jim Kwik,999,,115657078,,,Books
image_172.avif,How to Memorize Anything: The Ultimate Handbook to Enlighten and Improve Your Memory by Aditi Singhal & Sudhir Singhal,999,,104396081,,,Books
image_173.avif,The Way of the Superior Man By Deida David,999,,216913211,,,Books
image_174.avif,Once Upon a Broken Heart by Stephanie Garber,999,,154085273,,,Books
image_175.avif,IELTS 18 Academic Student's Book with Answers,999,,128373966,,,Books
image_176.avif,If He Had Been with Me By Laura Nowlin,999,,287818171,,,Books
image_177.avif,"How To Win Friends And Influence People, The Power Of Positive Thinking, Your Subconscious Mind, Think And Grow Rich, Stop Worrying And Start Living",999,,125579607,,,Books
image_178.avif,Phulchowki Books The 7 Habits Of Highly Effective People By Stephen R. Covey,999,,100378875,,,Books
image_179.avif,Share Mantra (share Market book) by Rabindra Bhattarai,999,,105104190,,,Books
image_180.avif,Damini Bhir - Rajan Mukarung - Madan Puraskar Winner 2069 Bs,999,,103345817,,,Books
image_181.avif,As A Man Thinketh By James Allen,999,,155632280,,,Books
image_182.avif,Think And Grow Rich By Napolean Hill,999,,127964488,,,Books
image_183.avif,The Alchemist By Paulo Coelho,999,,127358748,,,Books
image_184.avif,Aaithan (Nepali) by Bibek Ojha,999,,128107691,,,Books
image_185.avif,Rich Dad: Business School: Arthik Swatantrata Prapta Garna ka Lagi - Robert T. Kiyosaki (Nepali translation),999,,103510618,,,Books
image_186.avif,The Subtle Art Of Not Giving A F*ck By Mark Manson,999,,103355635,,,Books
image_187.avif,Bishwa Lok Katha Sangraha: Khanda 1 - Karunakar Vaidya (Ratna Pustak Bhandar) (Bestseller),999,,448119,,,Books
image_188.avif,"Rich Dad Poor Dad, The Intelligent Investor ( Bestseller Combo )",999,,129041810,,,Books
image_189.avif,The Power Of Your Subconscious Mind,999,,115085736,,,Books
image_190.avif,Guna Ratna Mala - P.Jagannath Upadhyaya Guragain,999,,103023107,,,Books
image_191.avif,Combo of 3 motivational books- Nepali(pp),999,,125945980,,,Books
image_192.avif,Everything Is Fucked By Mark Manson,999,,107926701,,,Books
image_193.avif,The 12 Week Year Book by Brian P. Moran and Michael Lennington,999,,153437174,,,Books
image_194.avif,Memory Power Book,999,,118094846,,,Books
image_195.avif,The 80/20 Principle By Richard Koch,999,,117583562,,,Books
image_196.avif,Phulchowki Books Nathiya By Saraswati Pratikshya,999,,100826174,,,Books
image_197.avif,The Intelligent Investor By Benjamin Graham,999,,151978483,,,Books
image_198.jpg,Rastriya Banijya Bank 4th Level Pre-Test 2080 ( English Mediam ),999,,127929119,,,Books
image_199.avif,Karodau Kastoori(Kasturi) - Amar Neupane,999,,103394347,,,Books
image_200.png,Games People Play By Eric Berne,999,,187441659,,,Books
image_201.avif,Estrotra Ratnawali ( Dharmik Pustak ),999,,122463621,,,Books
image_202.jpg,The Monk Who Sold His Ferrari - Robin Sharma,999,,421478,,,Books
image_203.jpg,"The Art of Being Alone: Loneliness Was My Cage, Solitude Is My Home by Renuka Gavrani",999,,132164050,,,Books
image_204.avif,Eklo By Buddhisagar,999,,120066162,,,Books
image_205.avif,The Game of Life and How to Play It by Florence Scovel Shinn,999,,105465019,,,Books
image_206.avif,"Hear Yourself (English, Paperback, Rawat Prem",999,,112494410,,,Books
image_207.avif,The Courage To Be Disliked By Ichiro Kishimi & Fumitake Koga,999,,120271505,,,Books
image_208.jpg,Zero To One By Blake Masters & Peter Thiel,999,,100110331,,,Books
image_209.avif,Aina by Ramlal Joshi,999,,129153556,,,Books
image_210.avif,Atomic Habit + The Subtle Art Of Not Giving A Fck + Ikigai(Combo of 3 Books),999,,128091371,,,Books
image_211.avif,The Science Of Being Well (Paperback) By Wallace D. Wattles,999,,132119022,,,Books
image_212.avif,Forty Rules Of Love By Elif Shak,999,,128031512,,,Books
image_213.avif,Shwetbhairawi - Bishweshwar Prasad Koirala,999,,103388353,,,Books
image_214.avif,BOOK COMBO (Can we be stranger again + Warmth),999,,290520391,,,Books
image_215.avif,How To Attract Money,999,,103073295,,,Books
image_216.avif,The Power Of Your Subconscious Mind By Joseph Murphy,999,,114611627,,,Books
image_217.avif,Chhapamarko Chhoro (Madan Puraskar Winner 2063 BS) By Mahesh Bikram Shah,999,,128279864,,,Books
image_218.avif,11 Rules For Life: Secrets to Level Up by Chetan Bhagat,999,,129999739,,,Books
image_219.avif,Combo Set (Think and Grow Rich+Rich Dad Poor Dad) Nepali,999,,103982213,,,Books
image_220.avif,The Subtle Art Of Not Giving A F*ck Book By Mark Manson,999,,114621113,,,Books
image_221.avif,Mans Search For Meaning,999,,109429949,,,Books
image_222.avif,Everything Is F*cked + The Subtle Art of Not Giving a F*ck (English),999,,127799627,,,Books
image_223.avif,Muhurta Chintamani ( Nepali Baykhaya Sahit ) Dharmik Pustak,999,,176278040,,,Books
image_224.avif,The Science Of Being Great (Paperback) By Wallace Delois Wattles,999,,132109398,,,Books
image_225.avif,This Is How You Heal By Brianna Wiest,999,,128028576,,,Books
image_226.avif,The Art Of Public Speaking By Dale Carnegie,999,,132003224,,,Books
image_227.avif,"Chanakya (Jeevani, Arthasastra, Niti rw Sutra) - Roshan Dahal (religious book)",999,,103658324,,,Books
image_228.avif,"The Science of Self-Discipline: The Willpower, Mental Toughness, and Self-Control to Resist Temptation and Achieve Your Goals",999,,158047294,,,Books
image_229.avif,I Fell In Love With Hope: By Lancali,999,,127845663,,,Books
image_230.avif,The Wellness Sense By Om Swami,999,,103498352,,,Books
image_231.avif,The First and Last Freedom By J. Krishnamurti,999,,104908536,,,Books
image_232.avif,Sulochana - Mahakavi Laxmi Prasad Devkota (Bestseller),999,,448128,,,Books
image_233.avif,Super Trader By Van K. Tharp : Expanded Edition: Make Consistent Profits in Good and Bad Markets,999,,407992719,,,Books
image_234.avif,The Power Of Positive Thinking By Norman Vincent Peale,999,,127572928,,,Books
image_235.avif,"Men Are from Mars, Women Are from Venus Book John Gray",999,,127960503,,,Books
image_236.avif,Question Bank Diploma in Pharmacy 3Rd Year with Curriculum 3Rd Edition,999,,126890474,,,Books
image_237.avif,Phulchowki Books Bhagavad Gita As It Is - Nepali -Hardcover,999,,105709387,,,Books
image_238.avif,New Guitar Guide - Ram Thapa (Ratna Pustak Bhandar),999,,103351922,,,Books
image_239.avif,Laxmi Nibandha Sangraha - Mahakavi Laxmi Prasad Devkota,999,,130104641,,,Books
image_240.avif,Word Power Made Easy - Norman Lewis,999,,149396,,,Books
image_241.avif,How To Win Friends By Dale Carnegie,999,,115088454,,,Books
image_242.avif,The Science Of Getting Rich By Wallace D. Wattles,999,,162135471,,,Books
image_243.avif,The Parable Of The Pipeline By Burke Hedges (Nepali Translation),999,,105182483,,,Books
image_244.avif,Normal People By Sally Rooney,999,,113539896,,,Books
image_245.avif,Aina - Ram Lal Joshi * Madan Puraskar Winner 2072 Bs,999,,103366912,,,Books
image_246.avif,The Magic Of Thinking Big By David J Schwartz,999,,115125111,,,Books
image_247.avif,"Can,t Hurt Me By Goggins",999,,115075972,,,Books
image_248.avif,Attitude Is Everything By Jeff Keller,999,,101084024,,,Books
image_249.avif,Think Like a Monk by Jay Shetty,999,,104424103,,,Books
image_250.avif,B.Sc MLT Explorer For BSc MLT Entrance 3rd Edition,999,,112323137,,,Books
image_251.avif,Computer Skill Test & Interview Preparation By Suman Shrestha | With 50 Sets Model Questions | Edition 2081 | Aksharanka Publication,999,,129447852,,,Books
image_252.avif,Saya By Subin Bhattarai,999,,129514543,,,Books
image_253.avif,Blue Ocean Strategy By W. Chan Kim,999,,128451488,,,Books
image_254.avif,The Power Of Positive Thinking (Nepali Version) By Norman Vincent Peale,999,,184937875,,,Books
image_255.avif,Kariya By Krishna Abiral,999,,105772333,,,Books
image_256.avif,The Leader In You By Dale Carnegie,999,,108980381,,,Books
image_257.avif,The Richest Man In The Babylon,999,,279462592,,,Books
image_258.avif,Do Epic Shit By Ankur Warikoo,999,,185208184,,,Books
image_259.avif,Khanji Pratice Book Reading and Writing for N5/N4/ N3,999,,354335143,,,Books
image_260.avif,Combo Of 4 Bestseller Selfhep Books,999,,154964458,,,Books
image_261.avif,If Only I Had Told Her By Laura Nowlin,999,,164922230,,,Books
image_262.avif,The Power Of Positive Thinking - Dr. Norman Vincent Peale,999,,116074656,,,Books
image_263.avif,Rich Dad Poor Dad By Robert T. Kiyosaki,999,,114851546,,,Books
image_264.avif,How To Read A Book By Anne Fadiman,999,,132164169,,,Books
image_265.avif,Ikigai (Hindi) By Hector Garcia,999,,108387873,,,Books
image_266.avif,Astabakra Geeta - Kamal Prasadd Dhungana,999,,114258042,,,Books
image_267.avif,Sumnima - Bishweshwar Prasad Koirala,999,,128507932,,,Books
image_268.avif,"Share, Commodities tatha Bideshi Mudra ko Pravidhik Bislesan - Rabindra Bhattarai",999,,114504116,,,Books
image_269.avif,Char Bed Book,999,,128241182,,,Books
image_270.avif,"Simsara (Nepali, Paperback) By Basanta Basnet",999,,159678538,,,Books
image_271.avif,"FAKE: Fake Money, Fake Teachers, Fake Assets By Robert T. Kiyosaki",999,,105250331,,,Books
image_272.avif,How to Stop Worrying and Start Living By Dale Carnegie - Pirates Enhanced Classics - Original and Unabridged Edition with Flashcards,999,,109964365,,,Books
image_273.avif,Reminders Of Him By Collen Hoover,999,,289994974,,,Books
image_274.avif,Asmita's International Business (English Medium) - A Complete TU Solution For MBS 3rd Semester || New Edition 2025,999,,135494200,,,Books
image_275.avif,An Autobiography Of Yogi By Paramhansa Yogananda,999,,127848147,,,Books
image_276.avif,Blue Mimosa - Fiction Parijat,999,,105455157,,,Books
image_277.avif,Phulchowki Books Make Your Bed By William H. McRaven,999,,104912580,,,Books
image_278.avif,The Power Of Your Subconscious Mind Hindi Edition ( Aapke Avchetan Mann Ki Shakti ) By Joseph Murphy,999,,131979138,,,Books
image_279.avif,Success Through a Positive Mental Attitude by Napoleon Hill,999,,105450089,,,Books
image_280.avif,Ego is the Enemy By Ryan Holiday,999,,128452923,,,Books
image_281.avif,The God Delusion By Richard Dawkins,999,,103392045,,,Books
image_282.avif,Technical Analysis Of The Financial Markets Softcover( John J Murrphy),999,,130120709,,,Books
image_283.avif,30 Days To Better English By Norman Lewis,999,,129704612,,,Books
image_284.avif,Shrimad Bhagavad Gita Yatharup - Nepali l Shreemad Bhagwat Geeta Nepali,999,,129062922,,,Books
image_285.avif,Learning To Love Myself + I Don't Love You Any More,999,,187473158,,,Books
image_286.avif,"Box Set : Becoming Supernatural , You Are the Placebo , Breaking the Habit of Being Yourself By Dr. Joe Dispenza",999,,146337554,,,Books
image_287.avif,Urgen Ko Ghoda - Yug Pathak,999,,103388357,,,Books
image_288.avif,The Power of Now: A Guide to Spiritual Enlightenment Book by Eckhart Tolle,999,,109846262,,,Books
image_289.avif,Osho Sambhog Sa Samadhi Ki Aur,999,,110235355,,,Books
image_290.avif,Karnali Blues ( English ) By Buddhisagar,999,,111436435,,,Books
image_291.avif,Dosi Chasma,999,,100110460,,,Books
image_292.avif,The Secret By Rhonda Byrne,999,,103344306,,,Books
image_293.avif,How To Attract Money (Nepali Dhan Lai Kasari Aakarshit Garne) - Joseph Murphy,999,,104400424,,,Books
image_294.avif,The Rudest Book Ever by Gangwar Shwetabh,999,,105100340,,,Books
image_295.avif,"Chanakya (Jeevani, Arthasastra, Niti Rw Sutra) - Roshan Dahal",999,,127367209,,,Books
image_297.avif,Can't Hurt Me by David Goggins,999,,155489394,,,Books
image_298.avif,The Power of Your Subconscious Mind By Joseph Murphy,999,,155992576,,,Books
image_299.avif,Parityakta - Dhungana Bhuwan (Bestseller),999,,104114267,,,Books
image_300.avif,How To Finish Everything You Start (Paperback),999,,129234242,,,Books
image_301.avif,The Obstacle Is the Way by Ryan Holiday,999,,128038990,,,Books
image_302.avif,Aama - Maxim Gorky (Nepali Translation Of Mother) (Bestseller),999,,100426019,,,Books
image_303.avif,The Personal Mba + The Visual MBA,999,,290839305,,,Books
image_304.avif,How To Win Friends & Influence People By Dale Carnegie,999,,104058095,,,Books
image_305.avif,"Romancing the Balance Sheet: For Anyone Who Owns, Runs or Manages a Business by Anil Lamba",999,,105492383,,,Books
image_306.avif,Mahako Ma+China Harayako Manxe Nepali Best Selling Books,999,,112185351,,,Books
image_307.avif,Nothing Like The Movies,999,,294880114,,,Books
image_308.avif,How To Win Friends & Influence People,999,,411524,,,Books
image_309.avif,Save Me An Orange By Hayley Grace,999,,171406247,,,Books
image_310.avif,Manifest : 7 Steps To Living Your Best Life by Roxie Nafousi,999,,153564035,,,Books
image_311.avif,Shrimad Bhagwat Gita Yatharoop-Shree Shreemad Avaya Charanabinda Bhaktivendanta Swami Prabhupada,999,,104858231,,,Books
image_312.avif,Everything Is F*cked : A Book About Hope,999,,127354984,,,Books
image_313.avif,Do Epic Shit By Ankur Warikoo Best Seller Book,999,,112457373,,,Books
image_314.avif,Combo Of 6 Selfhep Books,999,,155044183,,,Books
image_315.avif,Doglapan By Ashneer Grover,999,,128454461,,,Books
image_316.avif,,999,,418115500,,,Books
image_317.avif,The Boy Who Loved By Durjoy Datta,999,,103368926,,,Books
image_318.avif,Beyond Order By Jordan Peterson,999,,113542869,,,Books
image_319.avif,Paniko Gham By Amar Neupane,999,,129481407,,,Books
image_321.avif,Technical Analysis of the Financial Markets: A Comprehensive Guide to Trading Methods and Applications (New York Institute of Finance) by John J. Murphy,999,,104832608,,,Books
image_322.avif,Surrounded by Idiots by Thomas Erikson,999,,168778785,,,Books
image_323.avif,The Original Rider Waite Tarot Deck By A.E. Waite,999,,122247872,,,Books
image_324.avif,Dhani Buba Garib Buba - Robert T Kiyosaki,999,,110241016,,,Books
image_325.avif,Master Your Emotions: A Practical Guide to Overcome Negativity and Better Manage Your Feelings by Thibaut Meurisse,999,,128317572,,,Books
image_326.avif,Osho Zen Tarot: The Transcendental Game Of Zen Unbound – Box Set,999,,101166382,,,Books
image_327.avif,The 10X Rule By Grant Cardone,999,,152109051,,,Books
image_328.avif,The 7(Seven) Habits Of Highly Effective People By Stephen R. Covey,999,,103345120,,,Books
image_329.avif,Man's Search for Meaning By Viktor E. Frank,999,,415806959,,,Books
image_330.avif,Radical Candor: How to Get What You Want by Saying What You Mean by Kim Scott,999,,106843886,,,Books
image_331.avif,The Brain That Changes Itself By Norman Doidge,999,,105875267,,,Books
image_332.avif,"Dhani Buba Garib Buba By Robert T. Kiyosaki (Nepali Translation Of Rich Dad, Poor Dad)",999,,129857086,,,Books
image_333.avif,Surrounded BY Psychopaths By Thomas Erikson,999,,332316666,,,Books
image_334.avif,Attitude Is Everything - Jeff Keller,999,,108457009,,,Books
image_335.avif,Meditations by Marcus Aurelius (Hindi),999,,149409856,,,Books
image_336.avif,As A Man Thinketh By James Allen,999,,100247103,,,Books
image_337.avif,Becoming Supernatural By Dr. Joe Dispenza,999,,169567660,,,Books
image_338.avif,Karma A Yogi's Guide to Crafting Your Destiny by Sadhguru,999,,107545788,,,Books
image_339.avif,Made To Stick By Chip & Dan Heath,999,,100107569,,,Books
image_340.avif,Who Will Cry When You Die? By Sharma & Robin S.,999,,108754384,,,Books
image_341.avif,From Poverty To Power By James Allen,999,,108786609,,,Books
image_342.avif,Good Vibes Good Life Self Help,999,,127847575,,,Books
image_343.avif,Seto Bagh By Dyman Samsher Rana + Radha (Sajha) - Krishna Dharabasi,999,,129299623,,,Books
image_344.avif,Master Your Emotions: A Practical Guide To Overcome Negativity And Better Manage Your Feelings By Thibaut Meurisse No Ratings,999,,159813765,,,Books
image_345.avif,Soch+Khoj+Moj+Kosa+Ma sakchhu byKaran Shakya,999,,109520005,,,Books
image_346.avif,Technical Analysis Made Easy by Sunil Gurjar,999,,276740462,,,Books
image_347.avif,Eat That Frog!: 21 Great Ways To Stop Procrastinating And Get More Done In Less Time - Brian Tracy,999,,149416,,,Books
image_348.avif,"Loksewa aayog,sudurpaschim pradesh, panchaun taha,5th level, third paper prashasan new edition 20(2/83,by Kamal prasad Bhusal",999,,416684081,,,Books
image_349.avif,Bnnuhos Network Marketing Milinior By Deepak Bajaj,999,,184989039,,,Books
image_350.avif,"Book combo( Can we be stranger again, How to win friends and influence people, Learning to love myself,The law of attraction)",999,,415782446,,,Books
image_351.avif,Energize Your Mind By Gaur Gopal Das,999,,128452912,,,Books
image_352.avif,Never Split The Difference By Chris Voss,999,,332341431,,,Books
image_353.avif,The Subtle Art Of Not Giving A Fuck,999,,422375,,,Books
image_354.avif,MBBS Entrance Exam Solved Questions Extension Booklet 2025 (2081),999,,180738578,,,Books
image_355.avif,Quiet By Cain Susan,999,,111081532,,,Books
image_356.avif,Thinking Fast and Slow By Daniel Kahneman,999,,185477934,,,Books
image_357.avif,"Psycho-Cybernetics: Updated and Expanded By Maltz, Maxwell",999,,132164173,,,Books
image_358.avif,Aaithan By Bibek Ojha,999,,128757538,,,Books
image_359.avif,The Leader In You By Dale Carnegie,999,,129369535,,,Books
image_360.avif,How To Attract Money (Nepali Translation) by Dr. Joseph Murphy,999,,108567054,,,Books
image_361.avif,Nudge By Richard Thaler & Cass Sunstein,999,,171048293,,,Books
image_362.avif,Secret of Mind Power - Nepali ( Mastiska Shaktiko Shaktishali Gupta Rahasyaharu by Harry Lawrance),999,,411634057,,,Books
image_363.avif,All In One for Civil Sub Engineer Subjective-Objective and GK and Office Management,999,,133261158,,,Books
image_364.avif,Sharebata Karodpati By Rabindra Bhattarai,999,,115845542,,,Books
image_365.avif,Anusandhan Paddhati (Sidhanta Ra Prayog) - Dr. Durga Bahadur Gharti,999,,128429772,,,Books
image_366.avif,I Fell In Love With Hope: By Lancali,999,,132005093,,,Books
image_367.avif,"Do It Today: Overcome procrastination, Improve Productivity And Achieve More Meaningful Things by Darius foroux",999,,119415550,,,Books
image_368.avif,Inner Engineering A Yogi's Guide to Joy by Sadhguru,999,,107550018,,,Books
image_369.avif,The Monk Who Sold His Ferrari By Robin Sharma,999,,132005110,,,Books
image_370.avif,Ikigai (Hindi) By Hector Garcia,999,,143506123,,,Books
image_371.avif,Your Next Five Moves By Patrick Bet-David,999,,373624101,,,Books
image_372.avif,Antarmanko Yatra By Jagadish Ghimire,999,,139365385,,,Books
image_373.avif,Pandra Dhinmai Jyotish Sikau (astrology book) - Devmani Basyal (bestseller,999,,290068312,,,Books
image_374.avif,The Art of Not Overthinking + I Don't Love You Anymore + Warmth,999,,421266856,,,Books
image_375.avif,Jeevan Ke Adbhut Rahasya (Hindi),999,,104390992,,,Books
image_376.avif,Think and Grow Rich By Napolean Hill,999,,101170056,,,Books
image_377.avif,"12 Set Books (Think And Grow, Positive Thinking, The Power Of Your Subconscious, How To Stop Worrying, How To Win, Science Of Getting , Leader In You, How To Develop Self-Confidence, Richest Man In Babylon, Public Speaking, How To Attract Money, As A Man",999,,111249927,,,Books
image_378.avif,Deep Work + The 48 Laws Of Power (Combo),999,,128097183,,,Books
image_379.avif,How to Win Friends and Influence People by Dale Carnegie and Rich Dad Poor Dad by Robert T Kiyosaki,999,,111286396,,,Books
image_380.avif,The Way I Used to Be by Amber Smith,999,,127949733,,,Books
image_381.avif,Power Of Your Subconscious Mind+ Ikigai + Alchemist+ Subtle Art Combo Series,999,,138326717,,,Books
image_382.avif,48-Hour Start-Up By Fraser Doherty Mbe,999,,129232570,,,Books
image_383.avif,Relentless: From Good to Great to Unstoppable by Tim S. Grove & Shari Wenk,999,,183219527,,,Books
image_384.avif,The One Minute Manager by Kenneth Blanchard (The New One Minute Manager ),999,,155483547,,,Books
image_385.avif,The Monk Who Sold His Ferrari By Robin Sharma,999,,108697374,,,Books
image_386.avif,Deep Work: Rules for Focused Success in a Distracted World,999,,129177316,,,Books
image_387.avif,Phirphire By Buddhisagar,999,,179403386,,,Books
image_388.avif,"Siddhantaka Kura By Sanjeev Upreti, Non Fiction, Paperback, Published By Book Hill",999,,129833724,,,Books
image_389.avif,It Ends With Us By Colleen Hoover,999,,162037906,,,Books
image_390.avif,"Limitless: Upgrade Your Brain, Learn Anything Faster, And Unlock Your Exceptional Life (Hardcover, Jim Kwik",999,,111465116,,,Books
image_391.avif,Cant Hurt Me,999,,133854783,,,Books
image_392.avif,"Can Love Happen Twice? (English, Paperback, SINGH RAVINDER)",999,,127831874,,,Books
image_393.avif,The 10X Rule By Grant Cardone,999,,128305558,,,Books
image_394.avif,Phirphire By Buddhisagar,999,,115854248,,,Books
image_395.avif,Surrounded by Idiots Book by Thomas Erikson,999,,152093167,,,Books
image_396.avif,Stillness Is The Key By Ryan Holiday,999,,169939965,,,Books
image_397.avif,The 5 Am Club By Robin Sharma,999,,128155048,,,Books
image_398.avif,The Concise 33 Strategies of War By The Robert Greene,999,,323815370,,,Books
image_399.avif,Talk Like Ted - Carmine Gallo,999,,118078762,,,Books
image_400.avif,The Artist's Way by Julia Cameron,999,,132153858,,,Books
image_401.avif,Cant hurt me By David Goggins,999,,181048810,,,Books
image_402.avif,Deep Work: Rules for Focused Success in a Distracted World + The Compound Effect (Set of 2 books),999,,128091369,,,Books
image_403.avif,Rich dad poor dad and Business School (Dhani buba Garib Buba and Business School) Nepali Trasnlation,999,,127899981,,,Books
image_404.avif,The Odyssey (Fingerprint) - Homer,999,,128930401,,,Books
image_405.avif,The $100 Startup by Chris Guillebeau,999,,187431933,,,Books
image_406.avif,"Getting Things Done (English, Paperback) By David Allen",999,,179136958,,,Books
image_407.avif,"Law of Attraction Master the Universal Energy to Unleash Your Potential by Mitesh Khatri, Indu Khatri",999,,185507922,,,Books
image_408.avif,The Subtle Art Of Not Giving A F*ck - Mark Manson,999,,105176193,,,Books
image_409.avif,GRE PREMIUM Prep 2024,999,,128307246,,,Books
image_410.avif,Premalaya - Aswini Koirala,999,,108623509,,,Books
image_411.avif,THE ESSENTIAL RUMI : COLEMAN BARKS,999,,105593951,,,Books
image_412.avif,Breaking the Habit of Being Yourself by Dr. Joe Dispenza,999,,367571931,,,Books
image_413.avif,Candlesticks Patterns & Chart Patterns (Nepali Edition) By Bibek Sharma,999,,188498990,,,Books
image_414.avif,The Metamorphosis (Om Books) - Franz Kafka,999,,128666617,,,Books
image_415.avif,Book Combo (self help combo ) - Think And Grow Rich + The Art Of Public Speaking + How To Enjoy Your Life And Your Job + The Power Of Subconcious Mind + How To Win Friends And Influence people,999,,173661411,,,Books
image_416.avif,Rich Dad+ Atomic Habits+ Psychology Of Money+ 48 Laws Of Power Combo Set,999,,139552892,,,Books
image_417.avif,Palpasa Café By Narayan Wagle,999,,112831963,,,Books
image_419.avif,The Things You Can See Only When You Slow Down By Haemin Sunim : How to be Calm in a Busy World,999,,370776181,,,Books
image_420.avif,How to Win Friends and Influence People by Dale Carnegie,999,,152114030,,,Books
image_421.avif,Aap Aur Aapka Aatma (Hindi) by Deep Trivedi,999,,157794502,,,Books
image_422.avif,Biswo Prasidha Kishor Kathaharu,999,,128275360,,,Books
image_423.avif,The One Think By Gary Keller; English Hardcover,999,,129834631,,,Books
image_424.avif,Read People Like a Book By Patrick King,999,,417013136,,,Books
image_425.avif,Zero To One - Peter Thiel,999,,127912786,,,Books
image_426.avif,Untethered Soul,999,,279536466,,,Books
image_427.avif,Munamadan (Pairavi Book House) - Laxmi Prasad Devkota,999,,104936616,,,Books
image_428.avif,King of Sins Series by Ana Huang ( King of Wrath + King of Pride + King of Greed + King of Sloth + King of Envy ),999,,372151432,,,Books
image_429.avif,Furke By Khagendra Lamichhane,999,,127970625,,,Books
image_430.avif,Sadakpacchi Sadak - Gopal Parajuli,999,,128507929,,,Books
image_431.avif,Four Thousand Weeks: Embrace your limits. Change your life. Make your four thousand weeks count.,999,,435152485,,,Books
image_432.avif,Chakras And Your Mind Paperback,999,,127964497,,,Books
image_433.avif,Shirishko Phool By Parijat,999,,127809751,,,Books
image_434.avif,Bigyan Vairab Tantra,999,,127956999,,,Books
image_435.avif,Shakti - Rhonda Byrne (The Power Nepali Translation),999,,103394331,,,Books
image_436.avif,Quiz Capsule(General Knowledge Book),999,,129034500,,,Books
image_437.avif,The Personal MBA: Master the Art of Business by Josh Kaufman,999,,332490068,,,Books
image_438.avif,How To Develop Self Confidence And Influence People By Public Speaking,999,,287665738,,,Books
image_439.avif,In the Silence You Left Behind,999,,364414030,,,Books
image_440.avif,It Start With Us + It End With Us (Bestseller Combo),999,,159688891,,,Books
image_441.avif,The Laws of the Spirit World,999,,127996014,,,Books
image_442.avif,The Wealth of Nations (Paperback),999,,122571992,,,Books
image_443.avif,The Science of Getting Rich by Wallace D. Wattles,999,,346854981,,,Books
image_444.avif,Be a Network Marketing Millionaire Nepali Tranlastion( Bannuhos Network Marketing Millionaire) By Deepak Bajaj,999,,185108105,,,Books
image_445.avif,Jeevan Badline Baigyanik Sutra,999,,109534609,,,Books
image_446.avif,Network Marketing Book Set(The Parable of the Pipeline + Business School +Talk The Talk + Who Stole The American Dream? + Questions Are the Answers + Copycat Marketing 101),999,,132063739,,,Books
image_447.avif,Emotional Intelligence By Daniel Goleman,999,,169639092,,,Books
image_448.avif,Manifest : 7 Steps To Living Your Best Life by Roxie Nafousi,999,,187448694,,,Books
image_449.avif,Sochnuhos rw Dhani Bannuhos ( Think and Grow rich in Nepali ) by Napoleon Hill,999,,111430954,,,Books
image_450.avif,Phulchowki Books Chanakya Niti By Roshan Dahal,999,,100376795,,,Books
image_451.avif,Eat That Frog,999,,127571878,,,Books
image_452.avif,Sense Common Sense Nonsense - Shyam Gotame,999,,114216247,,,Books
image_453.avif,Limitless By Jim Kwik,999,,127816191,,,Books
image_454.avif,"Ek sarko maya+Paherpur+Nilo Prem By G.S poudel, Purushottam Bajagai",999,,416648668,,,Books
image_455.avif,Secrets of the Millionaire Mind By T. Harv Eker : Mastering the Inner Game of Wealth,999,,361252366,,,Books
image_456.avif,Paniko Pared - Dinesh Adhikari,999,,291837315,,,Books
image_457.avif,Blue Ocean Strategy By W. Chan Kim,999,,152086181,,,Books
image_458.avif,Parbat Ko Arko Naam Parbati - Banira Giri (Ratna Pustak Bhandar),999,,103341495,,,Books
image_459.avif,Think and Grow rich + Atomic habit + The power of subconcious mind + The subtle art of not giving a f (SET OF 4 BOOKS),999,,145980857,,,Books
image_460.avif,Body Keeps The Score Book By Bessel Van Der Kolk,999,,151932880,,,Books
image_461.avif,Influence : The Psychology of Persuasion (New and Expanded) by PhD Robert B. Cialdini,999,,109510320,,,Books
image_462.avif,Digital Marketing,999,,180824535,,,Books
image_463.avif,Meditations by Marcus Aurelius,999,,129063791,,,Books
image_464.avif,The Ancient Science Of Mantras By Om Swami,999,,103498555,,,Books
image_465.avif,Sumnima By Bp Koirala,999,,103346063,,,Books
image_466.avif,Loksewa GK Hand Book 2081/82,999,,208182,,,Books
image_467.avif,The Hard Thing About Hard Things: Building A Business When There Are No Easy Answers By Ben Horowitz,999,,143829249,,,Books
image_468.avif,Verity by Colleen Hoover,999,,332374916,,,Books
image_469.avif,The Disciplined Trader: Developing Winning Attitudes By Mark Douglas,999,,128228013,,,Books
image_470.avif,How to Talk to Anyone: 92 Little Tricks for Big Success in Relationships by Leil Lowndes,999,,332468631,,,Books
image_471.avif,Atomic Habits+The Courage To Be Disliked (Combo),999,,128090221,,,Books
image_472.avif,"Those Who Live Without Discipline, Die Without Honor By Modern Arjuna : Quick Lessons to Develop Unshakable Discipline And Realize Your Potential",999,,417788007,,,Books
image_473.avif,"Dear Stranger, You Deserve to Be Loved by Ashish Bagrecha",999,,176565815,,,Books
image_474.avif,Train Your Brain ( Unlimited Memory Hacks) by Shireen Stephen,999,,128451790,,,Books
image_475.avif,Fulangge - Lekhnath Chettri (bestseller),999,,105080150,,,Books
image_476.avif,Can't Hurt Me: Master Your Mind and Defy the Odds by David Goggins,999,,151969530,,,Books
image_477.avif,Meri Didi - Anbika Giri,999,,128509767,,,Books
image_478.avif,Panighatta - Suresh Pranjali,999,,116250116,,,Books
image_479.avif,How To Attract Money (Nepali Version) By Joseph Murphy,999,,104382770,,,Books
image_480.avif,Where's Molly by H. D. Carlton,999,,132155805,,,Books
image_481.avif,Question Bank Diploma in Pharmacy 2nd Year with Curriculum,999,,126901486,,,Books
image_482.avif,I've Never Been (Un)Happier By Shaheen Bhatt,999,,115653415,,,Books
image_483.avif,"Share Market Book Set( Share Mantra, Candlestick Pattern and Chart Pattern, Share Bata Karodpati)",999,,188559484,,,Books
image_484.avif,Marubhumima Himpat - Sojho Ganule,999,,122838637,,,Books
image_485.avif,Working with Emotional Intelligence by Daniel Goleman,999,,158707737,,,Books
image_486.avif,Ekadeshki Maharani - Keshabraj Pidali,999,,112428233,,,Books
image_487.avif,Far From the Madding Crowd (Om) - Thomas Hardy,999,,179930894,,,Books
image_488.avif,Atomic Habits+The Courage To Be Disliked,999,,131849752,,,Books
image_489.avif,Shareko Adharbhut Bisletion By Rabidra Bhattarai,999,,100283488,,,Books
image_490.avif,The Ritual by Shantel Tessier,999,,132162183,,,Books
image_491.avif,You Can Heal Your Life by Louise L. Hay,999,,168563073,,,Books
image_492.avif,Bishwoka Utkrista Kathaharu - Badriprasad Ghimire,999,,185005281,,,Books
image_493.avif,Book Combo(Atomic habits+ Rich dad poor dad+ Subtle art of not giving a fck + Think and grow rich),999,,290543118,,,Books
image_494.avif,Paila Agatma Tekera - Krishan Chandra Pradhan,999,,115525782,,,Books
image_495.avif,Civil Sub- Engineers Loksewa Book 2023,999,,128308169,,,Books
image_496.avif,Think Again By Adam Grant,999,,128456488,,,Books
image_497.avif,Dhritrastra - Ghanshyam Kadel * Madan Puraskar Winner 2073 Bs,999,,103392072,,,Books
image_498.avif,Sunyako Mulya By Dr. Nabaraj K.C,999,,127795945,,,Books
image_499.avif,Palpasa Cafe By Narayan Wagle,999,,389167521,,,Books
image_500.avif,Paitala by Ganess Paudel,999,,113919080,,,Books
image_501.avif,Astu - Puran Rai,999,,131500975,,,Books
image_502.avif,"Book Combo( Homo Deus, Nexus , Sapiens & 21 Lessons for the 21st Century)",999,,292613093,,,Books
image_503.avif,Secrets of Applied Science Entrance Exam,999,,133283488,,,Books
image_504.avif,Combo Of 4 Bestseller Selfhep Books,999,,155062110,,,Books
image_505.avif,Ideaflow By Jeremy Utley & Perry Klebahn,999,,123797055,,,Books
image_506.avif,How to Win Friends and Influence People by Dale Carnegie Nepali Translation ( Sathiharuko Maan Jitni Kaida),999,,128265074,,,Books
image_507.avif,Ignite Me,999,,279451296,,,Books
image_508.avif,Ashra (Hardcover) By Balen,999,,131740038,,,Books
image_509.avif,The Alchemist By Paulo Coelho,999,,129230882,,,Books
image_510.avif,Rich Dad+ Atomic Habits+ Ikigai+ Subtle Art Combo Series,999,,151930911,,,Books
image_511.avif,Ego Is the Enemy by Ryan Holiday,999,,109841380,,,Books
image_512.avif,Palpasa Cafe By Narayan Wagle,999,,108793507,,,Books
image_513.avif,"Read People Like a Book : How to Analyze, Understand, and Predict People’s Emotions, Thoughts, Intentions, and Behaviors by Patrick King",999,,152733735,,,Books
image_514.avif,Gulabi Umer,999,,105176791,,,Books
image_515.avif,Nepal ko Share Bazar By Rabindra Bhattarai,999,,108195206,,,Books
image_516.avif,Julius Caesar (Om) - William Shakespeare,999,,179948692,,,Books
image_517.avif,The Art Of Public Speaking + Atomic Habits + How To Stop Worrying And Start Living,999,,134365592,,,Books
image_518.avif,The Longest Ride,999,,126071560,,,Books
image_519.avif,The Magic of Creative Living,999,,179535330,,,Books
image_520.avif,Ijoria by Subin Bhattarai,999,,119238566,,,Books
image_521.avif,Khushi By Bijay Kumar,999,,129153518,,,Books
image_522.avif,Principles of Hospital Administration & Mgmt - Ravi Bindra,999,,132053922,,,Books
image_523.avif,The 22 Immutable Laws Of Marketing By Al Ries & Jack Trout,999,,171441157,,,Books
image_524.avif,How To Develop Self Confidence And Influence People By Dale Carnegie,999,,170444689,,,Books
image_525.avif,The Original Rider Waite Tarot Deck (Cards Pack) by A.E. Waite,999,,131546810,,,Books
image_526.avif,The Intelligent Investor - Benjamin Graham,999,,105174148,,,Books
image_527.avif,The Art of War ( Hardcover) By Sun Tzu : International Bestseller,999,,164100912,,,Books
image_528.avif,Twisted Series by Ana Huang 4 Books Collection,999,,131740082,,,Books
image_529.avif,Prerana By Er. Pramisha Ghimire,999,,128277949,,,Books
image_530.avif,Shireesh Ko Phool By Parijat,999,,100804282,,,Books
image_531.avif,Japanese Candlestick Charting Techniques(Hardcover) by Steve Nison,999,,130053206,,,Books
image_532.avif,Ghaam Ka Pailaharu - Dhanush Chandra Gotame * Madan Puraskar Winner 2035 Bs,999,,103422036,,,Books
image_533.avif,Eight Pillars of Prosperity - James Allen,999,,105966475,,,Books
image_534.avif,Warmth (Paperback) By Rithvik Singh + Atomic Habit,999,,133229955,,,Books
image_535.avif,Make Your Bed By William H. Mcraven,999,,129455796,,,Books
image_536.avif,Yasodhara By Haribol Kafle,999,,129992107,,,Books
image_537.avif,Book Combo ( Leadership Combo) - Leadership Mastery + The Leader In You,999,,173575956,,,Books
image_538.avif,Shrada Padati,999,,116666272,,,Books
image_539.avif,Art of Being Alone+ Art Of Not Overthinking + The Art Of Laziness Best Selling Combo Books,999,,361983204,,,Books
image_540.avif,"101 Inspiring Stories (English, Paperback, Xavier G. Francis)",999,,127945346,,,Books
image_541.avif,Vedanta Darshan Sar - Arjun Dev Panta (Ratna Pustak Bhandar),999,,103351085,,,Books
image_542.avif,Self-help Set Books,999,,111255694,,,Books
image_543.avif,Muna Madan By Laxmi Prasad Devkota In Nepali,999,,105840246,,,Books
image_544.avif,The Millionaire Fastlane: Crack the Code to Wealth and Live Rich for a Lifetime by M J DeMarco,999,,106655075,,,Books
image_545.avif,IIMA-Day To Day Economics,999,,274999836,,,Books
image_546.avif,Sparsha - Aakash Baral,999,,103388349,,,Books
image_547.avif,The 48 Laws Of Power (S) By Robert Greene,999,,170990701,,,Books
image_548.avif,Himali - Tulasi Niraula,999,,112878876,,,Books
image_549.avif,Mastery + The art of Seduction + The 48 Laws Of Power,999,,133294145,,,Books
image_550.avif,You2,999,,279526751,,,Books
image_551.avif,High Output Management,999,,126302327,,,Books
image_552.avif,Behave by Robert Sapolsky,999,,132153860,,,Books
image_553.avif,The 5 AM Club By Robin Sharma,999,,111087118,,,Books
image_554.avif,Who Will Cry When You Die,999,,279550241,,,Books
image_555.avif,Make Your Bed,999,,278233230,,,Books
image_556.avif,The Path To Prosperity By James Allen,999,,170859911,,,Books
image_557.avif,Regretting By Colleen Hoover,999,,132002214,,,Books
image_558.avif,Courage to be Happy,999,,125430772,,,Books
image_559.avif,Jun Astaisakhecha - Yudhir Thapa,999,,103382321,,,Books
image_560.avif,"The Millionaire Fastlane, 10th Anniversary Edition: Crack the Code to Wealth and Live Rich for a Lifetime by M. J. DeMarco",999,,132155705,,,Books
image_561.avif,"Dhani Buba Garib Buba - Robert T. Kiyosaki (Nepali Translation Of Rich Dad, Poor Dad)",999,,128463186,,,Books
image_562.avif,Product details of The Parable Of The Pipeline By Burke Hedges,999,,108938372,,,Books
image_563.avif,Clear Thinking By Shane Parrish,999,,164956036,,,Books
image_564.avif,Power Of Your Subconscious Mind+ Think And Grow Rich+ Power Of Positive Thinking+ How To Win Friends Combo Books Set,999,,152114034,,,Books
image_565.avif,Ziglar On Selling By Zig Ziglar,999,,101078999,,,Books
image_566.avif,Chanakya in You By Radhakrishnan Pillai,999,,335557482,,,Books
image_567.avif,Eklo By Buddhisagar,999,,122120111,,,Books
image_568.avif,"The Art of Being Alone Paperback – 25 May 2024 Hindi Edition by Renuka Gavrani (Author), Ashutosh Garg (Translator)",999,,328384858,,,Books
image_569.avif,Feel-Good Productivity by Ali Abdaal,999,,132159422,,,Books
image_570.avif,THE mastery of destiny,999,,180092069,,,Books
image_571.avif,The Visual MBA By Jason Barron,999,,155171699,,,Books
image_572.avif,The Power Of Habit + Mindset Book Combo,999,,155511765,,,Books
image_573.avif,Master Your Emotions by Thibaut Meurisse,999,,155643121,,,Books
image_574.avif,The Summer I Turned Pretty By Jenny Han,999,,118110263,,,Books
image_575.avif,How To Enjoy Your Life And Your Job By Dale Carnegie,999,,153908955,,,Books
image_576.avif,Share Market Combo Set of 5 - by Rabindra Bhattarai,999,,105104199,,,Books
image_577.avif,How to Memorize Anything By Singhal Aditi,999,,110979655,,,Books
image_578.avif,Srimad Bhagavad Gita Yatharup - Nepali,999,,129187278,,,Books
image_579.avif,Srimad Bhagavad Gita Yatharup - Nepali,999,,128020556,,,Books
image_580.avif,The Book Thief by Markus Zusak,999,,132162206,,,Books
image_581.avif,400 Days By Chetan Bhagat,999,,421230875,,,Books
image_582.avif,The 5 Types of Wealth,999,,295446592,,,Books
image_583.avif,"The Ikigai Journey-A Practical Guide to Finding Happiness and Purpose the Japanese Way by Hector Garcia, Francesc Miralles",999,,129304770,,,Books
image_584.avif,The Daily Stoic,999,,278223392,,,Books
image_585.avif,Muharta Chintamani Bombay,999,,116661370,,,Books
image_586.avif,As A Man Thinketh By James Allen,999,,129236060,,,Books
image_587.avif,Habits Of Happy brain By Loretta Graziano Breuning,999,,171004709,,,Books
image_588.avif,As a Man Thinketh By James Allen,999,,179721121,,,Books
image_589.avif,Kathaki Patra By Subin Bhattarai,999,,103374378,,,Books
image_590.avif,Warmth By Rithvik Singh,999,,157478285,,,Books
image_591.avif,Karagar By Dr Banira Giri,999,,129217003,,,Books
image_592.avif,The Hard Thing About Hard Things Building A Business When There are No Easy Answers By Ben Horowitz,999,,111076697,,,Books
image_593.avif,48-Hour Start-Up By Fraser Doherty Mbe,999,,108866863,,,Books
image_594.avif,Everything Is Fucked,999,,280533349,,,Books
image_595.avif,The Power of Now Nepali Translation Bartmaan Ko Shakti By Eckhart Tolle,999,,146937249,,,Books
image_596.avif,The Hard Thing About Hard Things by Ben Horowitz,999,,155600346,,,Books
image_597.avif,Share Mantra,999,,129921501,,,Books
image_598.avif,"How to Stop Being Toxic: Overcome Manipulative Behaviors, Build Healthy Relationships and Restore Inner Peace Even if You're Surrounded by Negativity By Edward Clarke",999,,158414753,,,Books
image_599.avif,The Art of Clear Thinking by Patrick King,999,,174854448,,,Books
image_600.avif,The Power of Positive Thinking,999,,129191383,,,Books
image_601.avif,Who Moved My Cheese By Spencer Johnson (Nepali),999,,129232516,,,Books
image_602.avif,Who Moved My Cheese? + Think and Grow Rich (Combo),999,,155657034,,,Books
image_603.avif,The Art Of Seduction By Robert Greene,999,,129452854,,,Books
image_604.avif,Don't Sweat The Small Stuff By Richard Carlson,999,,174863279,,,Books
image_605.avif,The Art Of Public Speaking By Dale Carnegie,999,,128074216,,,Books
image_606.avif,Think And Grow Rich - Napoleon Hill,999,,100107241,,,Books
image_607.avif,Mukunda-Indira - Balkrishna Sama,999,,104344378,,,Books
image_608.avif,Psycho-Cybernetics : Updated and Expanded By Maxwell Maltz,999,,104924572,,,Books
image_609.avif,The Concise Mastery by Robert Greene,999,,131734729,,,Books
image_610.avif,Manokranti /Dr.yogi Vikashananda Best Seller Safal Jiwan: How to Lead a Successful Life book,999,,101420828,,,Books
image_611.avif,12 Ruled For Life Hordan Peterson Self Help,999,,123499679,,,Books
image_612.avif,Jivan Upayogi Dharmil Kathahru Book,999,,118221244,,,Books
image_613.avif,"Think Like A Freak: Secrets Of The Rogue Economist - Steven D. Levitt , Stephen J. Dubner",999,,149670,,,Books
image_614.avif,MIND HACKING by John Hargrave,999,,176166717,,,Books
image_615.avif,Section Officer [Second third Fourth Paper] 2081/82 Hemraj tamang,999,,208182,,,Books
image_616.avif,Homo Deus Yuval Noah Harari Self Help,999,,127848598,,,Books
image_617.avif,"Thinking, Fast and Slow By Daniel Kahneman",999,,125379366,,,Books
image_618.avif,The Mountain Is You + 101 Essays That Will Change The Way You Think (Combo),999,,173375433,,,Books
image_619.avif,The Mastery Manual By Robin Sharma,999,,112327290,,,Books
image_620.avif,"The Art of Letting Go: Move Beyond the Hurt, Find Emotional Freedom and Restore Your Inner Peace by Nick Trenton",999,,168983213,,,Books
image_621.avif,Tarot (Tin Pack),999,,101172148,,,Books
image_622.avif,Phirphire By Buddhisagar,999,,108781017,,,Books
image_623.avif,Buddho Manchhe Ra Samundra - Story Nepali Arnesh Heminguay,999,,105446471,,,Books
image_624.avif,Sathiharu Ko Mann Jitne Tatha Maanishharu Lai Prabhav Parne Kala - Dale Carnegie,999,,105538474,,,Books
image_625.avif,Same As Ever By Morgan Housel,999,,129155444,,,Books
image_626.avif,Dare to Lead: Bold Work. Tough Conversations. Whole Hearts.: Brave Work. Tough Conversations. Whole Hearts. [Paperback] Brene Brown,999,,129185521,,,Books
image_627.avif,The Richest Man In Babylon By George S. Clason,999,,170861785,,,Books
image_628.avif,Do Epic Shit by Ankur Warikoo,999,,131311351,,,Books
image_629.avif,"The Millionaire Next Door (English, Paperback) By Stanley Thomas J. Ph.D",999,,129235179,,,Books
image_630.avif,"How I Invest My Money: Finance experts reveal how they save, spend, and invest Paperback – November 17, 2020",999,,129228523,,,Books
image_631.avif,If He Had Been with Me by Laura Nowlin,999,,155511953,,,Books
image_632.avif,Start With Why - Simon Sinek,999,,152049245,,,Books
image_633.avif,Ego Is The Enemy,999,,280454233,,,Books
image_634.avif,Atomic Habits + Rich Dad Poor Dad + Ikigai + The Power Of Your Subconscious Mind + The Subtle Art Of Not Giving Fck + The Power Of Positive Thinking + The Psychology Of Money + The Alchemist,999,,132131780,,,Books
image_635.avif,How To Win Friends And Influence People By Dale Carnegie,999,,110596929,,,Books
image_636.avif,Bigyan Vairab Tantra Book,999,,118234956,,,Books
image_637.avif,Sambandhaharu by Vijay Kumar,999,,104798486,,,Books
image_638.avif,The Leader In You By Dale Carnegie,999,,128048087,,,Books
image_639.avif,The Richest Man In Babylon By George S. Clason (Nepali Translation),999,,185010012,,,Books
image_640.avif,Get Epic Shit Done,999,,280534034,,,Books
image_641.avif,The Laws Of Human Nature - Robert Green,999,,124328968,,,Books
image_642.avif,IKIGAI(The Japanese Secret to a Long and Happy Life) By Hector Garcia & Francesc Miralles,999,,110885850,,,Books
image_643.avif,Sansar ko Sabaibhanda Mahan Salesman - Ong Mandino (The Greatest Salesman in the World Nepali translation),999,,184963624,,,Books
image_644.avif,What the Economy Nees Now by Gita Gopinath Abhijit Banerjee,999,,128035201,,,Books
image_645.avif,I want to Die But I Want to Eat Tteokbokki by Baek Sehee,999,,175476930,,,Books
image_646.avif,Life's Amazing Secret,999,,280483461,,,Books
image_647.avif,The Power Of Subconscious Mind + How To Win Friend And Influence People + The Richest Man In Babylon,999,,133395502,,,Books
image_648.avif,"Think Straight Change Your Thoughts, Change Your Life By Darius Foroux",999,,129236034,,,Books
image_649.avif,Bhashan Tath Udghoshan Kalaa By Shankar Pradan,999,,128317246,,,Books
image_650.avif,Zen: The Art of Simple Living,999,,295467111,,,Books
image_651.avif,The Art of Public Speaking By Dale Carnegie,999,,153934308,,,Books
image_652.avif,My Frist Box Of Books Nepali Edition,999,,129346007,,,Books
image_653.avif,Ek Sarko Maya By Gs Poudel,999,,129948527,,,Books
image_654.avif,FROM ZERO TO MILLIONAIRE,999,,372329039,,,Books
image_655.avif,Influence The Psychology Of Persuasion,999,,119812353,,,Books
image_656.avif,Mahabharat Katha By Dhundiraj Koirala,999,,127809749,,,Books
image_657.avif,The Power of Your Subconscious Mind (Nepali),999,,108561400,,,Books
image_658.avif,Sundarkanda - Nootan Keshari (Religious Book) (Ratna Pustak Bhandar),999,,103356003,,,Books
image_659.avif,Love Of My Life,999,,104128600,,,Books
image_660.avif,Cashflow Quadrant: Guide To Financial Freedom By Robert T. Kiyosaki,999,,129230903,,,Books
image_661.avif,Sapiens + Ikigai + Atomic Habits (Combo of 3 Books),999,,128131021,,,Books
image_662.avif,Nawa Yogini Tantra: Yoga for Women By Swami Muktananda,999,,128295439,,,Books
image_663.avif,"Designing Your Life: Build The Perfect Career, Step By Step(Bestseller)",999,,129668952,,,Books
image_664.avif,Man Search For Meaning + How To Win Friend And Influence People + The Richest Man Babylon + As A Man Thinketh + All Chemist,999,,133452039,,,Books
image_665.avif,The Mountain Is You + Ikigai + Good Vibes Good Life + 101 Essays That Will Change The Way You Think,999,,187489078,,,Books
image_666.avif,The 5 AM Club By Robin Sharma,999,,127847140,,,Books
image_667.avif,The Way I Used to Be Book by Amber Smith,999,,127941886,,,Books
image_668.avif,St. Xavier's College +2 Entrance Exam Preparation Book Final Aid 2022 | Past Question And Review Notes,999,,116380715,,,Books
image_669.avif,The Intelligent Investor Book by Benjamin Graham,999,,156807175,,,Books
image_670.avif,Shiva Sutra - Kamal Prasad Dhungana,999,,134930052,,,Books
image_671.avif,The Autobiography of a Stock by Manoj Arora,999,,124046512,,,Books
image_672.avif,The Original Rider Waite Tarot Deck By A.E. Waite,999,,124770063,,,Books
image_673.avif,A Million Kisses In Your Lifetime by Monica Murphy,999,,128470715,,,Books
image_674.avif,Bachelor In Nursing Science-BNS Concepts-For BNS Common Entrance Book,999,,128733691,,,Books
image_675.avif,Influence: The Psychology Of Persuasion By Robert B. Cialdini PHD + The Power Of Positive Thinking + The Power Of Subconscious Mind,999,,143533509,,,Books
image_676.avif,"Book combo (You become what you think, Stop Overthinking, Focus on what matters, Master your mindset, The subtle art of not giving fck, Atomic habits)",999,,415752622,,,Books
image_677.avif,Nilo Prem + Chanakya Niti,999,,435417140,,,Books
image_678.avif,Srimad Bhagavad Gita Yatharup By Swami Prabhupada,999,,120648652,,,Books
image_679.avif,Power Of Your Subconscious Mind+ Atomic Habits+ Subtle Art+ 48 Laws Of Power Combo Set,999,,133818306,,,Books
image_680.avif,The Secret Of Millionare Mind Nepali Translation,999,,128501670,,,Books
image_681.avif,The Bridge Kingdom by Danielle L. Jensen,999,,132154898,,,Books
image_682.avif,Strategic Mindset (Paperback) By Thibaut Meurisse,999,,130158603,,,Books
image_683.avif,Phulchowki Books Nepal ko Share Bazar By Rabindra Bhattarai,999,,100348681,,,Books
image_684.avif,King of Envy By Ana Huang,999,,409625238,,,Books
image_685.avif,The Art Of Logical Thinking and Reasoning By William Walker Atkinson,999,,114144905,,,Books
image_686.avif,Jaya Bhudi - Bhairab Aryal,999,,112419958,,,Books
image_687.avif,Get Epic shit The Bestseller book,999,,128481474,,,Books
image_688.avif,HBR'S 10 Must Reads (14 Books),999,,350021854,,,Books
image_689.avif,The Intelligent Investor + The Psychology of Money (Combo),999,,128119093,,,Books
image_690.avif,Don't Believe Everything You Think + Master Your Emotions + Ikigai,999,,144205795,,,Books
image_691.avif,The Intelligent Investor + Free The Power of Your Subconscious Mind,999,,131781407,,,Books
image_692.avif,Yuddh ki Psychology (Hindi) by Deep Trivedi,999,,298344880,,,Books
image_693.avif,The 48 Laws Of Power + Mastery,999,,133288498,,,Books
image_694.avif,Bridgerton: Romancing Mr Bridgerton,999,,136824279,,,Books
image_695.avif,The Laws Of Human Nature,999,,100812398,,,Books
image_696.avif,Khoj by Karna Shakya,999,,109192467,,,Books
image_697.avif,Atomic Habits + The Psychology Of Money + Ikigai + Ashra,999,,131787053,,,Books
image_698.avif,The Pucking Wrong Number Book by C R Jane,999,,132155801,,,Books
image_699.avif,Rich Dad: Business School: Arthik Swatantrata Prapta Garna Ka Lagi - Robert T. Kiyosaki (Nepali Translation),999,,103372086,,,Books
image_700.avif,Pride And Prejudice By Jane Austen,999,,162042612,,,Books
image_701.avif,The Total Money Makeover: A Proven Plan for Financial Fitness by Dave Ramsey,999,,108468292,,,Books
image_702.avif,Sambandhaharu - Vijay Kumar,999,,105176254,,,Books
image_703.avif,The Hidden Power Of Gayatri Mantra (Hindi Edition) By Om Swami,999,,279477259,,,Books
image_704.avif,How To Win Friends and Influence People (FP) - Dale Carnegie,999,,128924661,,,Books
image_705.avif,It End With Us+ I Fell In Love With Hope + It Start With Us + Alchemist (Combo),999,,159709699,,,Books
image_706.avif,Rework Book By David Heinemeier Hansson And Jason Fried,999,,129236003,,,Books
image_707.avif,101 Essays That Will Change The Way You Think,999,,128438084,,,Books
image_708.avif,Bisphot - Bhimnidhi Tiwari,999,,122082488,,,Books
image_709.avif,Milera Kaam Garne 17 Niyam - John Maxwell,999,,127976651,,,Books
image_710.avif,There's Something About You by Yashodhara Lal,999,,114675550,,,Books
image_711.avif,The Unusual Billionaires,999,,131864106,,,Books
image_712.avif,All This Time by Rachael Lippincott & Mikki Daughtry,999,,111575529,,,Books
image_713.avif,"Self Help set (The Power of Positive Thinking, The Power of Your Subconscious Mind, How to Develop Self-confidence, The Art of Public Speaking, Think and Grow Rich, How to win friends and Influence People, The Leader in You, The Richest Man in Babylon)",999,,105600690,,,Books
image_714.avif,Iron Flame by Rebecca Yarros,999,,177708255,,,Books
image_715.avif,The Power of Discipline By Daniel Walter : How to Use Self Control and Mental Toughness to Achieve Your Goals,999,,351135150,,,Books
image_716.avif,The Bell Jar,999,,116123036,,,Books
image_717.avif,The Dose Effect: Small Habits To Boost Your Brain Chemistry By TJ Power,999,,348176169,,,Books
image_718.avif,The 5 AM Club By Robin Sharma – Own Your Morning. Elevate Your Life,999,,164926055,,,Books
image_719.avif,Zen: The Art of Simple Living,999,,127745424,,,Books
image_720.avif,Mans Search for Meaning By Viktor E. Frankl,999,,127574940,,,Books
image_721.avif,Ikigai+Atomic Habbits Combo,999,,418394773,,,Books
image_722.avif,The Art Of Seduction By Robert Greene,999,,169939992,,,Books
image_723.avif,Think And Grow Rich,999,,105574595,,,Books
image_724.avif,The Trading Game: The No. 1 Sunday Times bestseller Paperback – by Gary Stevenson (Author),999,,182777539,,,Books
image_725.avif,Safal Tarkari Kheti,999,,129354215,,,Books
image_726.avif,Atomic Habits + The Subtle Art Of Giving Fck + Ikigai,999,,133741391,,,Books
image_727.avif,Who Will Cry When You Die? - Robin Sharma,999,,,,,Books
image_728.avif,How to Win Friends and Influence People,999,,127751239,,,Books
image_729.avif,"Charwed Combo Set (Rekwed, Samwed, Yarjuwed And Arthawed) By Tilakprasad Luitel",999,,107910883,,,Books
image_730.avif,Birsikka - Ganesharaj Adhikari,999,,131451424,,,Books
image_731.avif,Phurke (Hd) - Khagendra Lamichhane,999,,119564386,,,Books
image_732.avif,Make Time by John Zeratsky,999,,115657648,,,Books
image_733.avif,Eat that Frog By Brian Tracy,999,,105689777,,,Books
image_734.avif,The Power of Your Subconscious Mind Updated,999,,128493734,,,Books
image_735.avif,Share Mantra By Rabindra Bhattarai,999,,129299488,,,Books
image_736.avif,Tapai Ko Avachetan Mann Ko Shakti By Joseph Murphy (The Power Of Your Subconscious Mind Nepali Translation),999,,108262491,,,Books
image_737.avif,Jeevan Badane Vaigyanik Sutra,999,,129011075,,,Books
image_738.avif,Shakuntala - Laxmi Prasad Devkota,999,,155940370,,,Books
image_739.avif,Nepalko Share Bazar Book,999,,119075993,,,Books
image_740.avif,Deep Work By Cal Newport,999,,110983587,,,Books
image_741.avif,Atomic Habits+The Psychology Of Money + Rich Dad Poor Dad / COMBO,999,,127367375,,,Books
image_742.avif,"Life's Amazing Secrets By Gaur Gopal Das : How to Find Balance and Purpose in Your Life ( Life,s Amazing Secrets )",999,,108789591,,,Books
image_743.avif,Palpasa Cafe By Narayan Wagle,999,,105170230,,,Books
image_744.avif,Banking Anusasan by BN Gharti,999,,130127990,,,Books
image_745.avif,The Richest Man In Babylon - Fingerprint! By Clason George S.,999,,103468384,,,Books
image_746.avif,"Dhani Buba Garib Buba - Robert T. Kiyosaki (Nepali Translation Of Rich Dad, Poor Dad) - Self Improvement Books |",999,,127365374,,,Books
image_747.avif,The Power Of Habit By Charles Duhigg,999,,127849116,,,Books
image_748.avif,Beyond Entrepreneurship 2.0 ( BE 2.0) By Jim Collins,999,,180926559,,,Books
image_749.avif,The Secrets Of Millionaire Mind (Nepali) By T. Harv Eker,999,,127905769,,,Books
image_750.avif,Think Like A Monk,999,,127267963,,,Books
image_751.avif,"Yes I Can (Nepali, Paperback) By Punya Prasad Prasai",999,,129404231,,,Books
image_752.avif,Good Vibes Good Life Self Help,999,,132002225,,,Books
image_753.avif,Who Moved My Cheese,999,,127966387,,,Books
image_754.avif,Secrets of mind power - Harry Lorayne (nepali transaction),999,,127805135,,,Books
image_755.avif,Start With Why Simon Sinek Self Help,999,,123501705,,,Books
image_756.avif,Your Dreams Are Mine Now By Ravinder Singh,999,,100111283,,,Books
image_757.avif,Life's Amazing Secrets,999,,109538387,,,Books
image_758.avif,What Are You Doing With Your Life? - J Krishnamurti (bestseller) (bestseller),999,,104918781,,,Books
image_759.avif,101 Aadhyatmik Katha - Shanta Singkhada,999,,101644898,,,Books
image_760.avif,What Are You Doing With Your Life? - J Krishnamurti,999,,117471368,,,Books
image_761.avif,Samagra Jeewanshaili Byavasthapan - Narabikram Thapa,999,,128310687,,,Books
image_762.avif,Attitude Is Everything-Jeff Keller,999,,129230919,,,Books
image_763.avif,Two books (Rich Dad Poor Dad and Subtle art of Not Giving a Fuck By,999,,116016703,,,Books
image_765.avif,"How To Feel Confident (Paperback, LOWNDES LEIL)",999,,123222194,,,Books
image_766.avif,"Good Vibes, Good Life By Vex King",999,,104972387,,,Books
image_767.avif,Ghamka Pailaharu By Dha Cha Gotame,999,,128469840,,,Books
image_768.avif,Freakonomics: A Rogue Economist Explores the Hidden Side of Everything (Paperback),999,,121631336,,,Books
image_769.avif,Soch - Karna Shakya,999,,108932741,,,Books
image_770.avif,Beating The Street Book By Peter Lynch,999,,115108641,,,Books
image_771.avif,Reminder Of Him By Collen Hoover,999,,117541248,,,Books
image_772.avif,Combo of self-help book,999,,127822416,,,Books
image_773.avif,How To Raise Your Own Salary By Napoleon Hill,999,,115961181,,,Books
image_774.avif,Bhuiya - Yangesh,999,,105887043,,,Books
image_775.avif,Anubikshan - Yoglal Gautam,999,,368483938,,,Books
image_776.avif,Durga Santangopalstrotra Religion Book,999,,114213658,,,Books
image_777.avif,Mastery by Robert Greene,999,,133284903,,,Books
image_778.avif,How To Stop Worrying And Start Living By Dale Carnegie,999,,103348809,,,Books
image_779.avif,Ashimit Shakti: Aatmoannati Ko Naya Bigyan - Anthony Robbins (Unlimited Power Nepali Translation),999,,129296978,,,Books
image_780.avif,The Art Of War (Om Books) - Sun Tzu,999,,104110922,,,Books
image_781.avif,Combo : 2 Self-Help Books: The Power of Your Subconscious Mind / Think and Grow Rich,999,,127857493,,,Books
image_782.avif,Who Moved My Cheese?: An A-Mazing Way To Deal With Change In Your Work And In Your Life - Spencer Johnson,999,,103390278,,,Books
image_783.avif,8 Rules Of Love By Jay Shetty,999,,123862124,,,Books
image_784.avif,The Power Of Positive Thinking By Norman Vincent Peale,999,,170876723,,,Books
image_785.avif,Ego is the Enemy By Ryan Holiday,999,,110989067,,,Books
image_786.avif,The 48 Laws of Power (Big Size) by Robert Greene,999,,128438082,,,Books
image_787.avif,How To Enjoy Your Life And Our Job By Dale Carnegie,999,,104202434,,,Books
image_788.avif,From Poverty To Power By James Allen,999,,129454889,,,Books
image_789.avif,Energize Your Mind- Gaur Gopal Das,999,,127872344,,,Books
image_790.avif,Can't Hurt Me: Master Your Mind and Defy the Odds,999,,116679553,,,Books
image_791.avif,Ijoriya by Subin Bhattarai,999,,129445345,,,Books
image_792.avif,"The 4-Hour Work Week: Escape The 9-5, Live Anywhere And Join The New Rich - Timothy Ferriss",999,,111086315,,,Books
image_793.avif,Think and Grow Rich by Napoleon Hill,999,,125602383,,,Books
image_794.avif,Secret The Power By Rhonda Byrne,999,,132004191,,,Books
image_795.avif,Attitude Is Everything + The Alchemist (Set of 2 Books),999,,176234558,,,Books
image_796.avif,Outliers The Story Of Success by Malcolm Gladwell,999,,127798246,,,Books
image_797.avif,Call Me By Your Name by Andre Aciman,999,,104134772,,,Books
image_798.avif,"The Millionaire Next Door (English, Paperback) By Stanley Thomas J. Ph.D",999,,129232664,,,Books
image_799.avif,Quit Power: Growing Up As An Introvert In A World That Can'T Stop Talking - Susan Cain,999,,100109279,,,Books
image_800.avif,Break the MBA Code by Vibha Kagzi,999,,124433369,,,Books
image_801.avif,Swasthya Bigyan+Bichar Bigyan By Khaptad Baba,999,,112537657,,,Books
image_802.avif,Karnali Blues By Buddhisagar,999,,125401485,,,Books
image_803.avif,"Think Like a Monk by Jay Shetty, The power of Your Subconscious Mind by Joseph Murphy",999,,105296315,,,Books
image_804.avif,The 48 Laws of Power Paperback most Searched,999,,128496664,,,Books
image_805.avif,Courage Is Calling ( Hardcover ) By Ryan Holiday : Fortune Favours the Brave,999,,164947226,,,Books
image_806.avif,Gyanmala Nepali Book,999,,116658810,,,Books
image_807.avif,Combo Of 6 Selfhep Books,999,,154953851,,,Books
image_808.avif,Emotional Intelligence Why it can matter more than IQ - Self-Help Daniel Goleman,999,,105546213,,,Books
image_809.avif,My Policeman by Bethan Roberts,999,,121672960,,,Books
image_810.avif,Madhavi by Madan Mani Dixit,999,,122811476,,,Books
image_811.avif,Purana Kabi Ra Kabita - Baburam Acharya,999,,112430051,,,Books
image_812.avif,What I Talk About When I Talk About Running,999,,275153399,,,Books
image_813.avif,The Art of Public Speaking by Dale Carnegie,999,,108944830,,,Books
image_814.avif,The Monk Who Sold His Ferrari By Robin Sharma,999,,169980838,,,Books
image_815.avif,You Can Heal Your Life By Louise Hay,999,,297959338,,,Books
image_816.avif,Becoming Bulletproof: Life Lessons from a Secret Service Agent,999,,306295815,,,Books
image_817.avif,Think And Grow Rich Nepali Bhashan By Napoleon Hill,999,,122405194,,,Books
image_818.avif,Who Moved My Cheese Board By Dr. Spencer Johnson,999,,103347272,,,Books
image_819.avif,The Power of Now by Eckhart Tolle,999,,417000768,,,Books
image_820.avif,The Happy Prince And Other Tales - Oscar Wilde,999,,128716847,,,Books
image_821.avif,,999,,347764541,,,Books
image_822.avif,The Power Of Your Subconscious Mind By Joseph Murphy,999,,110380227,,,Books
image_823.avif,Influence : The Psychology of Persuasion,999,,128067502,,,Books
image_824.avif,Desh Deshawar By Jiwa Lamichhane,999,,105074335,,,Books
image_825.avif,The Rudest Book Ever By Shwetabhg Gangwar,999,,110833413,,,Books
image_826.avif,"Good Vibes, Good Life: How Self-Love Is The Key To Unlocking Your Greatness",999,,127966392,,,Books
image_827.avif,Value Investing and Behavioral Finance by Parag Parikh,999,,155600368,,,Books
image_828.avif,The Sweetest Oblivion By Danielle Lori,999,,417448118,,,Books
image_829.avif,Hitler ra Yahudi by Bishweshwar Prasad Koirala,999,,106312675,,,Books
image_830.avif,How To Win Friends And Influence People (Dale Carnegie Books) Paperback,999,,128493735,,,Books
image_831.avif,Dopamine Detox by Thibaut Meurissee,999,,417050399,,,Books
image_832.avif,Buy 1 Get 1 : How To Stop Worrying And Start Living & The Power Of Positive Thinking,999,,125630011,,,Books
image_833.avif,White Nights by Fyodor Dostoyevsky (Penguin Classics),999,,416639928,,,Books
image_834.avif,The Prince (Harper Collins Publishers) - Niccolo Machiavelli,999,,143433810,,,Books
image_835.avif,Guru - Khalil Gibran (The Prophet Nepali Translation),999,,103392074,,,Books
image_836.avif,The Rudest Book Ever by Shwetabh Gangwar,999,,104776862,,,Books
image_837.avif,The Secret By Rhonda Byrne,999,,111242107,,,Books
image_838.avif,What I Wish I Know When I Was 20,999,,100026229,,,Books
image_839.avif,Everything Is F*cked: A Book About Hope by Mark Manson ( Everything Is Fucked by Mark Manson),999,,108729719,,,Books
image_840.avif,Aago ka Phoolharu Hun Aago ka Phoolharu Hoinan - Ishwor Ballav * Madan Puraskar Winner 2029 BS (bestseller),999,,104942471,,,Books
image_841.avif,Summer Love - Subin Bhattarai,999,,105182500,,,Books
image_842.avif,The Art of Laziness By Library Mindset : Overcome Procrastination & Improve Your Productivity,999,,416650549,,,Books
image_843.avif,The Intelligent Investor,999,,129845413,,,Books
image_844.avif,The 100$ Startup By Chris Guillebeau,999,,110229307,,,Books
image_845.avif,"Babu, Aama Ra Chora - Bishweshwar Prasad Koirala",999,,103378847,,,Books
image_846.avif,Aafnai Aakhako Layama by Khakhendra Sangraula,999,,105613322,,,Books
image_847.avif,Ego is the Enemy By Ryan Holiday,999,,131867618,,,Books
image_848.avif,Atomic Habit+Ikigai+Psychology Of Money+How To Win Friends And Influence People by Life Changing books l Combo of 4 books,999,,130219175,,,Books
image_849.avif,Who Will Cry When You Die? By Sharma & Robin S.,999,,108693238,,,Books
image_850.avif,Mans Search For Meaning By Viktor E Frankl,999,,100100643,,,Books
image_851.avif,Karodpatiharko 21 Rahasya,999,,103640375,,,Books
image_852.avif,Durbar Bahiraki Maharani (Paperback) By Nagendra Naupane,999,,100476088,,,Books
image_853.avif,Modiayin By Bishweshor Prasad Koirala,999,,103346868,,,Books
image_854.avif,Shaharko Katha - Kishor Nepal,999,,118290327,,,Books
image_855.avif,Eklavyako Debre Haat by Giri Shrees Magar,999,,106491282,,,Books
image_856.avif,Healing Is the New High A Guide to Overcoming Emotional Turmoil and Finding Freedom,999,,105700680,,,Books
image_857.avif,Everything Is Fucked By Mark Manson,999,,415846201,,,Books
image_858.avif,Think Like A Monk,999,,279555326,,,Books
image_859.avif,"DONT SWEAT THE SMALL STUFF (Paperback, Richard Carlson)",999,,176966274,,,Books
image_860.avif,Comoound Effect,999,,109127581,,,Books
image_861.avif,A Touch of Eternity by Datta Durjoy,999,,105328027,,,Books
image_862.avif,The Secret By Rhonda Byrne,999,,117428802,,,Books
image_863.avif,The Richest Man In Babylon (Nepali Translation) by George S. Clason,999,,108556529,,,Books
image_864.avif,21 (Twenty-One) Lessons For The 21St Century By Yuval Noah Harari,999,,103346054,,,Books
image_865.avif,Share Market Books,999,,108936152,,,Books
image_866.avif,Gulabi Umer By Amar Neupane,999,,103390368,,,Books
image_868.avif,Think And Grow Rich By Napoleon Hill,999,,125793569,,,Books
image_869.avif,Bartaman - Krishna Dharabasi,999,,104952007,,,Books
image_870.avif,The War of Art,999,,279553304,,,Books
image_871.avif,The Power OF Subcnscious Mind+Power Positive Thinking Ko Nepali Translation By Dr Joseph Murphy+Norman Vincent Peale,999,,127953673,,,Books
image_872.avif,The Art Of Saying No,999,,280435614,,,Books
image_873.avif,Careless People: A story of where I used to work,999,,371743697,,,Books
image_874.avif,Atripat Awasar by Swarnim Wagle,999,,129383228,,,Books
image_875.avif,The Right Guy by Tarun Vikash,999,,148191674,,,Books
image_876.avif,A Brief History Of Time,999,,279550174,,,Books
image_877.avif,Milera Kaam Garne 17 Niyam - John Maxwell,999,,127226513,,,Books
image_878.avif,Satprayas - Diamond Shumsher Rana (Ratna Pustak Bhandar),999,,103340771,,,Books
image_879.avif,Mahasru White Fang - Jack London (Nepali Translation - White Fang),999,,106718662,,,Books
image_880.avif,Samjhana Ka Kuinetaharu - Khagendra Sangraula,999,,103414045,,,Books
image_881.avif,Ugly Love: A Novel By Colleen Hoover,999,,159709700,,,Books
image_882.avif,Rich Dad: Business School: Arthik Swatantrata Prapta Garna Ka Lagi - Robert T. Kiyosaki (Nepali Translation),999,,126383008,,,Books
image_883.avif,Vishwa Prasiddha Kathaharu - Karunakar Vaidya (bestseller),999,,105158058,,,Books
image_884.avif,Fact Fullness: Ten Reasons We're Wrong About The World - And Why Things Are Better Than You Think,999,,117532906,,,Books
image_885.avif,"The Practicing Mind (English, Paperback) By Thomas M. Sterner",999,,396131051,,,Books
image_886.avif,Pixels to Profits: A Systematic Deep Dive into the Creator Economy Paperback – 24 March 2025 by Ankur Mehra (Author),999,,366439394,,,Books
image_887.avif,Self-Help Combo (Think & Grow Rich+The Power Of Positive Thinking+How to win friends+The power of subconsciousn mind),999,,103342887,,,Books
image_888.avif,Jauwa - Bishnu Dhakal,999,,125034278,,,Books
image_889.avif,Jartkaru - Kiran Acharya,999,,120843385,,,Books
image_890.avif,Priya Sufi - Subin Bhattarai,999,,103382329,,,Books
image_891.avif,Market Wizards By Jack D. Schwager : The World's Top Trader's Reveal The Secrets of Their Phenomenal Success,999,,169309390,,,Books
image_892.avif,Thinking Fast and Slow,999,,109352976,,,Books
image_893.avif,"I Too Had a Love Story (English, Paperback, Singh Ravinder)",999,,127817827,,,Books
image_894.avif,November 9: A Novel by Colleen Hoover,999,,107366440,,,Books
image_895.avif,Jiunuko Majja By Yongey Mingyur Rinpoche,999,,128464166,,,Books
image_896.avif,Jyotish Sastra Book,999,,113419365,,,Books
image_897.avif,Sallipir By Nayan Raj Pandey,999,,103345818,,,Books
image_898.avif,Psycho-Cybernetics By Maxwell Maltz (Nepali),999,,104918654,,,Books
image_899.avif,The Art Of Living - Norman Vincent Peale,999,,100108204,,,Books
image_900.avif,"Parts of Body Chart 18"" x 28"" Inch",999,,348476180,,,Books
image_901.avif,Building a Story Brand,999,,361939969,,,Books
image_902.avif,"The Mountain Is You- Transforming Self-Sabotage Into Self-Mastery Paperback – 25 November 2024 Hindi Edition by Brianna Wiest (Author), Yamini Rampallivar (Translator)",999,,328429407,,,Books
image_903.avif,"Thinking, Fast and Slow by Daniel Kahneman",999,,155579437,,,Books
image_904.avif,Ikigai+Think like a monk+ Atomic Habits / 3 Combo,999,,127839546,,,Books
image_905.avif,Stock Market In Nepal By Rabindra Bhattarai,999,,108758140,,,Books
image_906.avif,Kaise Paye Vyapar Mein Jadui Safalta by Donald Trump & Robert T Kiyosaki,999,,125196187,,,Books
image_907.avif,The Richest Man In Babylon,999,,104134357,,,Books
image_908.avif,Hooked (How To Build),999,,131995392,,,Books
image_909.avif,Talk The Talk,999,,279435920,,,Books
image_910.avif,Coffee Can Investing,999,,278237338,,,Books
image_911.avif,Think Like the Buddha by Victor M. Parachin,999,,124521371,,,Books
image_912.avif,Good Vibes Good Life By Vex King,999,,151985476,,,Books
image_913.avif,More Happy Than Not,999,,127968148,,,Books
image_914.avif,Sunderkand by Goswami Tulsidas (Hindi) (Deluxe Silk Hardbound) – Ramayana | Devotional Literature | Lord Hanuman | Sacred Text of Ramayana | Indian Mythology,999,,158914024,,,Books
image_915.avif,Energize Your Mind : Man Banayen Oorjavan by Gaur Gopal Das (Hindi),999,,129579889,,,Books
image_916.avif,A NEW EARTH,999,,104876825,,,Books
image_917.avif,Book Lovers by Emily Henry,999,,116119345,,,Books
image_918.avif,How To Win Friends By Dale Carnegie.,999,,103510817,,,Books
image_919.avif,Arko Bhor - Keshabraj Gyawali,999,,110671586,,,Books
image_920.avif,Mistika By Kumar Nagarkoti,999,,120066115,,,Books
image_921.avif,"Feel Better Fast And Make It Last; Unlock Your Brains Healing Potential To Overcome Negativity, Anxiety, Anger, Stress, And Trauma By Daniel G. Amen, MD",999,,362324225,,,Books
image_922.avif,"Too Good To Be True : A Smart, Funny Will-They-Won’t-They Romance By Mostlysane Ratings 6",999,,420592459,,,Books
image_923.avif,How to Talk to Anyone by Leil Lowndes,999,,155574500,,,Books
image_924.avif,"Copycat Marketing 101 (English, Paperback) By Hedges Burke",999,,129233436,,,Books
image_925.avif,The Things You Can See Only When You Slow Down By Haemin Sunim,999,,170929861,,,Books
image_926.avif,Factfulness By Hans Rosling,999,,151947714,,,Books
image_927.avif,BOOK COMBO(I Don't Love you Anymore + Can we be Strangers Again?),999,,290509573,,,Books
image_928.avif,Karodaun Kasturi By Amar Neupane,999,,115850461,,,Books
image_929.avif,Thangra By Pragati Rai,999,,128158094,,,Books
image_930.avif,Jyotish Darpan,999,,116658759,,,Books
image_931.avif,"Loo By Nayan Raj Pandey, Fiction, Paperback, Published By Fine Print",999,,190731409,,,Books
image_932.avif,Bhupeenak Kabita By Bhupeen,999,,128585433,,,Books
image_933.avif,Retire Young Retire Rich by Robert T. Kiyosaki (Hindi),999,,105627182,,,Books
image_934.avif,The Swiss Family Robinson (Fingerprint) - Johann David Wyss,999,,128848480,,,Books
image_935.avif,Life's Amazing Secret and Energize Your Mind by Guru Gopal Das,999,,124462524,,,Books
image_937.avif,The Hard Thing about Hard Things,999,,349762613,,,Books
image_938.avif,The Diary of a CEO: The 33 Laws of Business and Life by Steven Bartlett,999,,132153852,,,Books
image_939.avif,Power Of Your Subconscious Mind,999,,100265086,,,Books
image_940.avif,The Richest Man In Babylon Paperback,999,,127963671,,,Books
image_941.avif,Stop Negative Thinking (Hindi) by Nick Trenton,999,,301753638,,,Books
image_942.avif,You Made a Fool of Death With Your Beauty by Akwaeke Emezi,999,,127991580,,,Books
image_943.avif,How to Win Friends and Influence People By Dale Carnegie,999,,164206631,,,Books
image_944.avif,"I Too Had A Love Story (English, Paperback, Singh Ravinder)",999,,127917870,,,Books
image_945.avif,Open Secret Mirza-Zamim Dekhi Faizan Hatyakandsammaka Nalibeli - K.P. Dungana,999,,105862973,,,Books
image_946.avif,Start With Why By Simon Sinek : A Bestselling Business Book : Discover How Great Leaders Inspire Action and Achieve Success,999,,294467053,,,Books
image_947.avif,Aayuchor - Nagarkoti,999,,128844851,,,Books
image_948.avif,48-Hour Start-Up By Fraser Doherty Mbe,999,,129001888,,,Books
image_949.avif,Bhikhari - Laxmi Prasad Devkota,999,,128505930,,,Books
image_950.avif,The Ultimate Secret to Getting Absolutely Everything you want by Michael Hernacki,999,,132060404,,,Books
image_951.avif,Second Chance By Robert T. Kiyosaki,999,,129235163,,,Books
image_952.avif,"Thinking, Fast and Slow by Daniel Kahneman",999,,332478430,,,Books
image_953.avif,The Compound Effect By Darren Hardy,999,,129657327,,,Books
image_954.avif,The 10X Rule By Grant Cardone : The Only Difference Between Success and Failure,999,,168068679,,,Books
image_955.avif,Learn to Earn By Peter Lynch,999,,112060424,,,Books
image_956.avif,The Art Of Seduction + THE CONCISE LAWS OF HUMAN NATURE,999,,134997987,,,Books
image_957.avif,365 ways to change your world,999,,181414893,,,Books
image_958.avif,"The Diary Of A CEO By Steven, Bartlett",999,,170062114,,,Books
image_959.avif,Rich Dad Poor Dad + The Warren Buffet Way (Combo of 2 Books),999,,128121986,,,Books
image_960.avif,Haunting Adeline By H.D. Carlton Part 1 & 2 Combo Book,999,,216904841,,,Books
image_961.avif,Focus By Daniel Goleman : The Hidden Driver of Excellence,999,,164954248,,,Books
image_962.avif,Gulabi Umer By Amar Nyaupane,999,,126520769,,,Books
image_963.avif,How To Win Friends And Influece People By Dale Carnegie,999,,109531844,,,Books
image_964.avif,Prem Pinda - Balkrishna Sam,999,,122087277,,,Books
image_965.avif,Milk And Honey,999,,280439345,,,Books
image_966.avif,Ubhiera Eklai - Nabin Prachin,999,,111182521,,,Books
image_967.avif,Parikrama - Tasalima Nasarin,999,,132047830,,,Books
image_968.avif,Build Don't Talk,999,,280452308,,,Books
image_969.avif,Attitude is Everything,999,,280533806,,,Books
image_970.avif,Pride & Prejudice - Jane Austen,999,,416678048,,,Books
image_971.avif,Set of two ( Zero to one by Peter Thiel and Atomic Habits by James Clear),999,,104360100,,,Books
image_973.avif,Sally Rooney's Normal People,999,,421235449,,,Books
image_974.avif,Collided by Lauren Asher,999,,417790405,,,Books
image_975.avif,"""Governance System: National and International Context""",999,,410670901,,,Books
image_976.avif,Sakuntala By Acharya kamal rijal,999,,435593764,,,Books
image_977.avif,Jackson Height (Paperback) By Mahesh Bikram Shah,999,,387773203,,,Books
image_978.avif,From Poverty to Power By James Allen,999,,108262533,,,Books
image_979.avif,Shiresh Ko Phool-Parijat,999,,128129366,,,Books
image_980.avif,Ego Is the Enemy by Ryan Holiday,999,,332456648,,,Books
image_981.avif,Kismat Connection by Ananya Devarajan,999,,128499928,,,Books
image_982.avif,The Candlestick Course By Steve Nison,999,,157466742,,,Books
image_983.avif,Stay Free Stay Happy By Gireesh Sharma,999,,100926593,,,Books
image_984.avif,"The Art of Management Managing Yourself, Managing Your Team, Managing Your Business by Shiv Shivakumar",999,,185508897,,,Books
image_985.avif,The Parable Of The Pipeline By Burke Hedges,999,,129473638,,,Books
image_986.avif,The Overthinking Cure (Hindi) by Nick Trenton,999,,409175100,,,Books
image_987.avif,Factfulness By Hans Rosling,999,,128453595,,,Books
image_988.avif,Hooked,999,,280512505,,,Books
image_989.avif,COMBO SET,999,,103986468,,,Books
image_990.avif,Phulchowki Books Phulchowki Books The Science Of Getting Rich By Wallace D. Wattles,999,,101404531,,,Books
image_991.avif,Invisible by Danielle Steel,999,,123310581,,,Books
image_992.avif,Sajhilo Tripindi Sarada Paddati,999,,116666249,,,Books
image_993.avif,NMCLE Easy Entry Extension Booklet 2081 Jestha,999,,170936810,,,Books
image_994.avif,Shabdabihin Awaj - Nava Silwal,999,,111292449,,,Books
image_995.avif,Eat That Frog ! By Brian Tracy,999,,129236041,,,Books
image_996.avif,Wealth of Self Confidence (Nepali) by Swett Marden,999,,124700881,,,Books
image_997.avif,The Millionaire Fastlane,999,,280405990,,,Books
image_998.avif,More Important Then Money,999,,110830944,,,Books
image_999.avif,Tiny Habits: Why Starting Small Makes Lasting Change Easy by BJ Fogg,999,,130049164,,,Books
image_1000.avif,One Up On Wall Street by Peter Lynch,999,,402155511,,,Books