Image,Name,Price,Description,Sku,Category
image_2.avif,SKMEI 1389 MultiFunctional Business Analog Digital Stainless Steel Watches for Men - Black | Fashion,999,,128300467,Gadgets
image_3.avif,Titan Lagan Pink Dial Analog Watch for Women 2598SM06 - Women's Luxury Analog Watches | Watches For Women |,999,,123027674,Gadgets
image_5.avif,Titan Rose Gold Dial Analog Watch For Women 2638Wm01,999,,105332156,Gadgets
image_6.avif,Titan Karishma Analog Blue Dial Women's Watch-2598SM03 - Analog Water Resistant (30 meters) Watches For Women |,999,,105322690,Gadgets
image_7.avif,STANDARD Full Steel Chain Analog Watch with Gold Dial For Women,999,,100760088,Gadgets
image_8.avif,Fashionable Stick Index Men Watch PU Leather Strap Analog - Black/Golden,999,,127886012,Gadgets
image_9.avif,Titan Lagan Silver Dial Analog Watch for Women 2656BM01,999,,123030463,Gadgets
image_10.avif,NAVIFORCE NF9171 Dual Movement Digital Analog Function Quartz Watch - Blue | Fashion Stainless Steel Watch For Men,999,,103287195,Gadgets
image_11.avif,Miracle White Dial Round Shape Leather Strap Casual Watch For Men,999,,104886973,Gadgets
image_12.avif,SKMEI 1834 Large Dual Time Analog Digital Fashion Military Countdown Sports Watch For Men – Black/Gold,999,,129800227,Gadgets
image_13.avif,NAVIFORCE NF 5022 Luxury Fashion Waterproof Wrist Watch For Women - Luxury Analog Watches For Women |,999,,121495229,Gadgets
image_14.avif,Classic Business Quartz Luxury Genuine Leather Strap Analog Wrist Watch,999,,105074590,Gadgets
image_15.avif,Titan Karishma Zing Quartz Analog Blue Dial Leather Strap Watch for Men - 1648SL01,999,,133219103,Gadgets
image_16.avif,(Ready Stock) General Fashion EDIFICE MTP-1183 Series Silver Stainless Steel Men Watch MTP-1183A-1A,999,,149388996,Gadgets
image_18.avif,Sonata White Dial Analog Watch for Women,999,,128297024,Gadgets
image_20.avif,Luxury Men’s Analog Watch – Classic Submarine Style | Stainless Steel,999,,362331194,Gadgets
image_21.avif,SKMEI 1834 Fashion Military Analog Digital Countdown Sports Watch For Men - Black | Fashion Skmei Watch For Men,999,,115893666,Gadgets
image_22.avif,NaviForce NF9197 Men's Business Day Date Function Analog Digital Leather Strap Wristwatch - Green,999,,112363882,Gadgets
image_23.avif,Chris Danel (Cd) Classic Round Slim Dial Design Romantic Couple Watch Analog Watch,999,,103928743,Gadgets
image_24.avif,Americo Gold Chain Fashionable Bangle Designed Fancy Analog Watch For Women,999,,100750965,Gadgets
image_25.avif,SKMEI 1389 MultiFunctional Business Analog Digital Stainless Steel Watches for Men,999,,129919460,Gadgets
image_26.avif,PAIDU Round Dial Trendy Analog Turntable Casual Watch With Band For Women - Black | Fashion Trendy Casual Watch For Women,999,,127878128,Gadgets
image_27.avif,Titan Silver Dial Analog Watch For Women - 2593Wm01 - Rosegold | Fashion Silver Dial Watch For Women,999,,103632997,Gadgets
image_28.avif,Sonata Silver Dial Analog Watch For Men - 77082Sl01,999,,174891,Gadgets
image_29.avif,NAVIFORCE Nf9074 Black Dial Analog Watch For Men - White / Black | Fashion Black Dial Analog Watch For Men,999,,101202579,Gadgets
image_31.avif,Sonata Classic Quartz Analog Green Dial Silver Stainless Steel Strap Watch for Men -7987SM10,999,,130100414,Gadgets
image_32.avif,Titan Lagan Brown Dial Analog Metal Strap Watch For Women -2601Wm04,999,,128471072,Gadgets
image_33.avif,SKMEI 1389 MultiFunctional Business Analog Digital Stainless Steel Watches for Men,999,,129925108,Gadgets
image_34.avif,STANDARD Full Stainless Steel Chain Analog Watch with White Dial For Women | Fashion Water Resistant Watch For Women,999,,100758105,Gadgets
image_35.avif,NAVIFORCE NF9099 Day/ Date Function Casual Quartz Watch For Men - Men's Water Resistant Analog Watches |,999,,110439645,Gadgets
image_36.avif,NAVIFORCE NF9189 Stainless Steel Dual Movement Digital Analog Dark Night Display Quartz Watch For Men,999,,107206193,Gadgets
image_37.avif,Fashionable Round Roman Dial Analog Mesh Magnetic Buckle Casual Mesh Steel Watch For Women,999,,104992190,Gadgets
image_38.avif,NAVIFORCE NF9197 New Men's Business Day Date Function Analog Digital Leather Strap Wristwatch,999,,121572268,Gadgets
image_39.avif,Americo Gold Chain Fashionable Fancy Analog Ladies Watch With Black Dial,999,,100288110,Gadgets
image_40.avif,"Titan 1866SL02 Men's Analog Watch - Casual Style, Brown Strap and Dial, 47mm Diameter - Watches For Men |",999,,110274533,Gadgets
image_41.avif,NaviForce NF9221 Dual Display Fashion Business Analog Digital Silicon Strap Watch For Men,999,,131733976,Gadgets
image_42.avif,Chris Danel (Cd) Classic Round Slim Diamond Index Design Dial Mesh Strap Analog Waterproof Watch - Golden,999,,137998400,Gadgets
image_43.avif,Chris Danel (Cd) Classic Round Slim Diamond Index Design Dial Mesh Strap Analog Waterproof Watch,999,,105669243,Gadgets
image_44.avif,Diamond Dial Analog Casual Mesh Steel Magnet Strap Watch For Women,999,,103107240,Gadgets
image_45.avif,Fashionable Stick Index Men Watch PU Leather Strap Analog - Black/White,999,,127765659,Gadgets
image_46.avif,Standard Quartz Analog White Dial Casual Wrist Watch For Men - White/Silver,999,,127228443,Gadgets
image_47.avif,NAVIFORCE Nf9117M Golden Dial/Goldenstrap Analog Watch For Men,999,,104988255,Gadgets
image_48.avif,"SKMEI 2062 Square , LED Backlight Large Screen Multi-Time Zone Watch, Waterproof Analog Sports Watch",999,,130000243,Gadgets
image_50.avif,CHRIS DANEL Hollow Nacked Dialed Fashionable Designed Analog Watch For Men - Gold Dial,999,,107667444,Gadgets
image_51.avif,NAVIFORCE Nf9138 Digital Analog Dual Movement Stainless Steel Watch - Golden/Blue,999,,100101107,Gadgets
image_52.avif,NAVIFORCE NF9153 Multifunction Stainless Steel Digital/Analog Watch For Men- Black,999,,101038924,Gadgets
image_53.avif,SKMEI 1832 Analog Digital Dual Display Sport Chronograph LED Light Display Watch For Men – Black/Yellow,999,,129794022,Gadgets
image_54.avif,MILLENIUM Silver Chain Analog Watch With Stick Index Dial For Men,999,,105544762,Gadgets
image_55.avif,SKMEI 1834 Fashion Military Analog Digital Countdown Sports Watch For Men - RoseGold/Black,999,,115888912,Gadgets
image_56.avif,NAVIFORCE Nf9024 Dual Time Digital Analog Watch For Men,999,,105278705,Gadgets
image_57.avif,SKMEI 1584 Men's Multifunction Square Dial Digital Analog LED Chronograph Stainless Steel Wristwatch - Black,999,,128111119,Gadgets
image_58.avif,NaviForce NF9074 Black Dial Analog Watch For Men - White/Black,999,,111295424,Gadgets
image_59.avif,SKMEI 9271 Analog Skeleton Tourbillon Mechanical Automatic Men’s Watch,999,,129933207,Gadgets
image_60.avif,Millenium Luxury Business Stainless Steel Strap Waterproof Analog Quartz Wrist Watch For Men,999,,105550357,Gadgets
image_61.avif,Titan Karishma Analog Silver Dial Women's Watch-2601Wm01,999,,103638402,Gadgets
image_62.avif,SKMEI 1584 Men's Multifunction Square Dial Digital Analog LED Chronograph Stainless Steel Wristwatch - Golden,999,,128107205,Gadgets
image_63.avif,Fashionable Stick Index Men Watch PU Leather Strap Analog - Black/Rosegold,999,,127903539,Gadgets
image_64.avif,SKMEI 1391 Men's Multifunction Big Dial Square Digital Analog LED Chronograph Leather Strap Wristwatch - Black,999,,125643838,Gadgets
image_65.avif,Sonata Aspire Quartz Analog Green Dial Leather Strap Watch for Men -77105NL10,999,,129743427,Gadgets
image_66.avif,Chris Danel (Cd) Classic Round Slim Dial Design Romantic Couple Watch Analog Watch,999,,103934064,Gadgets
image_67.avif,NAVIFORCE NF9170 Dual Movement Digital Analogue Quartz Watch For Men - Rosegold/Blue | Fashion NaviForce Watch For Men,999,,103326544,Gadgets
image_68.avif,SKMEI 1220 Double Time Digital Analog Stainless Steel Watch - Black,999,,100458581,Gadgets
image_70.avif,NaviForce NF9172 Dual Time Digital Analog Stainless Steel Mesh Watch for Men - Blue,999,,111303086,Gadgets
image_71.avif,Millenium Diamond Covered Diamond Markers Index Dial Bracelet Design Strap Stainless Steel Analog Watch For Women,999,,105430524,Gadgets
image_73.avif,NAVIFORCE NF9197 New Men's Business Day Date Function Analog Digital Leather Strap Wristwatch,999,,111256423,Gadgets
image_74.avif,SKMEI 9271 Analog Skeleton Tourbillon Mechanical Automatic Men’s Watch,999,,129934104,Gadgets
image_75.avif,NAVIFORCE Nf9153 Multi-Function Stainless Steel Digital/Analog Watch For Men – Black,999,,103101959,Gadgets
image_76.avif,Titan Sparkle Purple Dial Analog Watch For Women - 2480Wm02,999,,174945,Gadgets
image_77.avif,Diamond Dial Analog Casual Mesh Steel Magnet Strap Watch For Women,999,,103536770,Gadgets
image_78.avif,NaviForce NF9214 Elegant Simple Analog Date Display Watch For Men - Black,999,,131412600,Gadgets
image_79.avif,Q&Q Vq04J004Y Black Analog Watch For Men,999,,100287014,Gadgets
image_81.avif,Chris Danel (Cd) Classic Round Slim Dial Design Romantic Couple Watch Analog Watch,999,,103940023,Gadgets
image_82.avif,Titan Karishma Zing Quartz Analog Brown Dial Stainless Steel Strap Watch for Men - 1648YM06,999,,140472668,Gadgets
image_83.avif,Titan Black Dial Analog Watch for Men 1713BM02,999,,123187059,Gadgets
image_84.avif,Chris Danel (Cd) Classic Round Slim Dial Design Romantic Couple Watch Analog Watch,999,,103928736,Gadgets
image_85.avif,NAVIFORCE NF9153 Multi-Function Stainless Steel Mesh Digital/Analog Watch For Men – Black,999,,112391108,Gadgets
image_86.avif,NAVIFORCE NF9223 Quartz Silicone Bracelet Sport Waterproof Alarm Analog Digitals Watch For Men,999,,129297605,Gadgets
image_87.avif,Chris Danel (Cd) Classic Round Slim Dial Design Romantic Couple Watch Analog Watch,999,,105166327,Gadgets
image_88.avif,NAVIFORCE Nf9171 Dual Movement Digital Analog Function Quartz Watch - Black,999,,103347613,Gadgets
image_89.avif,Titan Karishma Quartz Analog Maroon Dial Leather Strap Watch for Women -2702WL01,999,,129380212,Gadgets
image_90.avif,Titan Karishma Quartz Analog Blue Leather Strap for Women - 2679WL01,999,,133245836,Gadgets
image_91.avif,SKMEI 1787 Men's Analog New Fashion Stainless Steel Waterproof Watch - Black/Green,999,,109189968,Gadgets
image_92.avif,NAVIFORCE NF9110 Luxury Chronograph Analog Quartz Leather Band Water Resistance Casual Watch For Men - Red/Black,999,,111303083,Gadgets
image_93.avif,NaviForce NF9095 Dual Time Digital Analog Watch For Men - Brown,999,,111301218,Gadgets
image_94.avif,Fashionable Round Roman Dial Analog Mesh Magnetic Buckle Casual Mesh Steel Watch For Women,999,,105020164,Gadgets
image_95.avif,SKMEI 9127 Men Watch Elegant Business Analog Date Display Multifunction Leather Strap Chronograph - Coffee,999,,125990814,Gadgets
image_96.avif,SKMEI 1787 Men's Analog New Fashion Stainless Steel Waterproof Watch - Black/Red,999,,109176717,Gadgets
image_97.avif,Naviforce - NF9148 Men's Analogue Quartz Watch Leather Strap Waterproof,999,,127055710,Gadgets
image_99.avif,MILLENIUM Silver Chain Analog Watch With Stick Index Dial For Men,999,,105533753,Gadgets
image_100.avif,SKMEI 1452 Outdoor Multifunction Digital Analog Chronograph Wristwatch For Men - Black,999,,112280952,Gadgets
image_101.avif,Casio Silver Analog Watch For Men - MTP-VD02D-2EUDF,999,,127863742,Gadgets
image_102.avif,Skmei 1637 Men Digital Analog Dual Display Alarm Waterproof 3 Time Sport Wristwatch - Camouflage green,999,,112980031,Gadgets
image_103.avif,Millenium Diamond Covered Diamond Markers Index Dial Bracelet Design Strap Stainless Steel Analog Watch For Women,999,,105432547,Gadgets
image_104.avif,Supa White Dial Analog Watch For Ladies - Silver/White,999,,104826716,Gadgets
image_105.avif,Diamond Dial Analog Casual Mesh Steel Magnet Strap Watch For Women,999,,105858931,Gadgets
image_106.avif,NAVIFORCE NF5005 Date Function Mesh Analog Ladies Watch - Silver,999,,103056656,Gadgets
image_107.avif,Sonata - Silver Dial Analog Watch for Women 8141KM02,999,,123109072,Gadgets
image_108.avif,Watch House-Camouflage Military Sport Watches For Men Analog Men Watch Digital Waterproof Watch Men LED Wristwatch,999,,106528824,Gadgets
image_109.avif,STANDARD Stylish Business Quartz White Black Luxury Fashionable Silicon Strap Casual Analog Wrist Watch For Women,999,,131905207,Gadgets
image_110.avif,NAVIFORCE NF9219 Luxury Sports Water Resistant Analog & Digital Watch For Men,999,,128226348,Gadgets
image_111.avif,Millenium Stylish Fashoin Casual Analog Watch For Men-Copper,999,,114434316,Gadgets
image_112.avif,NAVIFORCE NF9056 Date Display Genuine Leather Strap Quartz Analog,999,,107917880,Gadgets
image_113.avif,King Designers Leather Strap Fashionable Fancy Analog Watch,999,,127383806,Gadgets
image_114.avif,NAVIFORCE Nf9093 Stainless Steel Quartz Watch For Men - Blue - Men's Water Resistant Analog Watches |,999,,111294583,Gadgets
image_115.avif,Titan Sparkle Anthracite Dial Analog Watch For Women - 2570Sm07,999,,175780,Gadgets
image_116.avif,NAVIFORCE NF9197 Men's Business Day Date Function Analog Digital Leather Strap Wristwatch - Blue/Golden,999,,119904986,Gadgets
image_117.avif,Titan Black Dial Analog Watch with Day & Date Function for Men 1824YM01,999,,123073617,Gadgets
image_118.avif,NAVIFORCE Nf9172 Dual Time Digital Analog Function Fashion Watch - Orange/Brown,999,,111288727,Gadgets
image_119.avif,Titan Purple Fashion Basics Analog Pink Dial Watch 2480WM03 For Women,999,,128467656,Gadgets
image_120.avif,Titan Analog Watch - For Women 2727Wm01,999,,128487650,Gadgets
image_121.avif,NAVIFORCE Nf9074 Black Dial Leather Analog Watch For Men,999,,107917647,Gadgets
image_122.avif,NAVIFORCE Nf9024M Black/Red Dial Analog Digital Watch For Men,999,,111292637,Gadgets
image_123.avif,Casual Quartz Wristwatches Analogue PU Leather Wrist Watch 7 Colors Quartz Wristwatches Ladies,999,,180137169,Gadgets
image_124.avif,Titan Neo 1770Sm03 Blue Dial Analog Watch For Men - Silver,999,,100096952,Gadgets
image_125.avif,(Ready Stock) G Sports Shock Men Sport Digital Classic Square Watch Shockproof and Waterproof Stainless Steel Band Sports Business Wrist Watches AQ-230A-1D,999,,136824656,Gadgets
image_126.avif,SKMEI 1220 Double Time Digital Analog Stainless Steel Watch - Silver,999,,100466628,Gadgets
image_127.avif,SKMEI 1514 Multifunction Outdoor Digital Analog Luminous Complete Calendar Wristwatch For Men - Black,999,,115763694,Gadgets
image_128.avif,NAVIFORCE Nf3008 Date Function Analog Stylish Elegant Quartz Casual Quartz Couple Watch - Gold,999,,112531006,Gadgets
image_129.avif,Camouflage Military Sport Watches For Men Analog Men Watch Digital Waterproof Watch Men LED Wristwatch,999,,106005093,Gadgets
image_130.avif,NAVIFORCE NF5005 Date Function Mesh Analog Ladies Watch - Blue,999,,103055684,Gadgets
image_132.avif,NAVIFORCE NF9110 Luxury Fashion Chronograph Analog Matte Finish Watch For Men - Golden | Naviforce Matte Golden Case Casual Watch For Men,999,,128996722,Gadgets
image_133.avif,PAIDU Combo Best Couple Watch Stylish Analogue Multi-Color Dial Black And White,999,,103384031,Gadgets
image_134.avif,Chris Danel (Cd) Classic Round Slim Diamond Index Design Dial Mesh Strap Analog Waterproof Watch,999,,105677217,Gadgets
image_135.avif,NAVIFORCE Nf9134 Dual Time Digital Analog Watch For Men - Red/Black,999,,111291676,Gadgets
image_136.avif,NAVIFORCE NF9197 New Men's Business Stainless Steel Day Date Function Analog Digital Wristwatch - Silver/green,999,,110152519,Gadgets
image_137.avif,NAVIFORCE Nf9117 Analog Leather Strap Quartz Movement Watch With Date Display,999,,121616497,Gadgets
image_138.avif,NAVIFORCE NF9177 Top Luxury Series Day Date Function Analogue Quartz Watch For Men - Blue,999,,103394288,Gadgets
image_139.avif,SKMEI 1389 MultiFunctional Business Analog/Digital Large Dial Stainless Steel Watch - Silver/Blue,999,,104948314,Gadgets
image_140.avif,NAVIFORCE NF9197 New Men's Business Day Date Function Analog Digital Leather Strap Wristwatch - Blue,999,,111309634,Gadgets
image_141.avif,NaviForce NF9095 Double Time Analog/Digital Watch – Black/grey,999,,116342630,Gadgets
image_142.avif,Titan Sparkle White Dial Analog Watch For Women - 2480Sm09,999,,174944,Gadgets
image_143.avif,NAVIFORCE Nf9153 Multifunction Stainless Steel Digital/Analog Watch – Silver,999,,101542823,Gadgets
image_144.avif,SKMEI 1584 Men's Multifunction Square Dial Digital Analog LED Chronograph Stainless Steel Wristwatch - Black,999,,121594969,Gadgets
image_145.avif,Titan Champagne Dial Analog Watch For Men - 1650Ym04,999,,174907,Gadgets
image_146.avif,Titan Workwear Quartz Analog Anthracite Dial Leather Strap Watch for Men -1884NL01,999,,130084111,Gadgets
image_147.avif,NAVIFORCE Nf9170 Dual Movement Digital Analogue Quartz Watch For Men - Green/Black,999,,103326952,Gadgets
image_148.avif,NAVIFORCE NF9191 Men's Classic Stainless Steel Luminous Analog Casual Watch - Blue/RoseGold,999,,111299252,Gadgets
image_149.avif,Titan 1733Km02 Analog Watch For Men,999,,121640,Gadgets
image_150.avif,NaviForce NF9074 Date Day Function Analog Watch For Men - Red/Black,999,,111297393,Gadgets
image_151.avif,Titan Champagne Dial Analog Watch for Men 1650YM09,999,,125293040,Gadgets
image_152.avif,Titan Karishma Champagne Dial Analog Watch For Women- 2601YM01,999,,175755,Gadgets
image_153.avif,NAVIFORCE NF9197 New Men's Business Day Date Function Analog Digital Leather Strap Wristwatch - Brown,999,,110141966,Gadgets
image_154.avif,SKMEI 1649 Men's LED Light Digital Analog Day Date Function Stainless Steel Watch - Golden,999,,109482744,Gadgets
image_155.avif,NaviForce NF9156 Astro Day Date Function Analog Watch - Orange/Brown,999,,111297365,Gadgets
image_156.avif,NAVIFORCE NF9182 Multi-Function Digital/Analog Casual Steel Watch For Men - Silver/Blue,999,,104920973,Gadgets
image_157.avif,Fastrack Stunners Quartz Analog Purple Dial Leather Strap Watch For Women-6282Sl02,999,,128487018,Gadgets
image_158.avif,Titan Neo White Dial Analog Watch For Men - 1767Sm01,999,,174922,Gadgets
image_159.avif,NAVIFORCE Nf9144 Double Time Digital/Analog Quartz Watch For Men - White/Black,999,,111289721,Gadgets
image_160.avif,NAVIFORCE Nf9152 Day Date Function Analog Stainless Steel Watch – Blue,999,,111297386,Gadgets
image_161.avif,Millennium MW58235 Dragon Quartz Men's Luxury Waterproof Watch – Stylish Analog Timepiece,999,,387978664,Gadgets
image_162.avif,NAVIFORCE Nf9144 Double Time Digital/Analog Quartz Watch For Men – Golden,999,,111303087,Gadgets
image_163.avif,Casio Enticer Analog Watch For Women LTP-V004D-1BUDF,999,,128042939,Gadgets
image_164.avif,NTN - 4001SMWH - Business Analog Luxury L37- Stainless Steel - Fine Alloy Body- Watch for Men,999,,168760837,Gadgets
image_165.avif,NAVIFORCE Nf9171 Dual Movement Digital Analog Function Quartz Watch - Black,999,,111300221,Gadgets
image_166.avif,Casio MTP-VT01GL-1B2 Minimalistic Gold Tone Black Leather Band Black Dial 3-Hand Analog Watch For Men,999,,120820879,Gadgets
image_167.avif,Titan Karishma Analog Brown Dial Men's Watch-1824Km01,999,,103624303,Gadgets
image_168.avif,Titan Raga Viva Champagne Dial Analog Watch For Women - 2579Ym01,999,,175788,Gadgets
image_170.avif,SKMEI 1761 Men's Fashion Analog Digital Creative 3 -Time Alarm Sports LED Stopwatch - Balck,999,,110058439,Gadgets
image_171.avif,,999,,153984244,Gadgets
image_172.avif,Casio Enticer Analog Black Dial Watch For Men-A1815,999,,128299030,Gadgets
image_174.avif,SONATA White Dial Analog Watch 7135YL01 for Men,999,,128048406,Gadgets
image_175.avif,Casio Mtp-1374L-1Avdf Enticer Analog Dial Watch For Men,999,,129570028,Gadgets
image_176.avif,STANDARD Full Steel Chain Analog Watch with Gold Dial For Women || Sold By TIme Plaza,999,,159661632,Gadgets
image_177.avif,Wrist Watch Analog Watch - For Boys All Black Pack Of 3 Rubbers Strap Combo Watches For Boy and Men watch,999,,415811088,Gadgets
image_178.avif,"SKMEI 2062 Square , LED Backlight Large Screen Multi-Time Zone Watch, Waterproof Analog Sports Watch",999,,130001228,Gadgets
image_179.avif,SKMEI 1834 Fashion Military Analog Digital Countdown Sports Watch For Men - White/Black,999,,115894518,Gadgets
image_180.avif,Women’s Luxury Quartz Analog Casual Design StainlessSteel Strap Waterproof Wrist Watch With Japan Movement - Sold By Best Supplier,999,,146261172,Gadgets
image_181.avif,STANDARD Full Steel Chain Analog Watch with Gold Dial For Women || Sold By Watch House,999,,159683211,Gadgets
image_182.avif,NAVIFORCE NF9223 Quartz Silicone Bracelet Sport Waterproof Alarm Analog Digitals Watch For Men,999,,129284841,Gadgets
image_183.avif,Titan Quartz Analog Black Dial Leather Strap Watch for Women 2593YL03,999,,177620205,Gadgets
image_184.avif,NAVIFORCE NF9223 Quartz Silicone Bracelet Sport Waterproof Alarm Analog Digitals Watch For Men,999,,129297606,Gadgets
image_185.avif,Standard White Dial Quartz Analog Stainless Steel Casual Wrist Watch For Men- White/Golden,999,,127228563,Gadgets
image_187.avif,SKMEI 1220 Double Time Digital Analog Stainless Steel Watch - Silver,999,,101200706,Gadgets
image_188.avif,NAVIFORCE NF9110 Luxury Chronograph Analog Quartz Leather Casual Watch For Men - Golden/Black,999,,104918149,Gadgets
image_189.avif,NaviForce NF9192 Date Function Stainless Steel Analog Watch For Men - Silver/White,999,,114470004,Gadgets
image_190.avif,Supa Analog Fancy Watch For Men And Women,999,,100416484,Gadgets
image_191.avif,Perfect Silver Strap Analog Watch For Women,999,,100370535,Gadgets
image_192.avif,Millenium Round White Dial Analog Watch For Men,999,,104346776,Gadgets
image_193.avif,MILLENIUM Gold Chain Analog Watch With Stick Index Dial For Men,999,,129878518,Gadgets
image_194.avif,NaviForce NF9207 Fashion Digital Analog Complete Calendar Stainless Steel Watch For Men,999,,126308538,Gadgets
image_195.avif,Standard Stylish Chronograph Design Stainless Steel Quartz Analog Wrist Watch For Men - Black || Sold By Time Plaza,999,,159817979,Gadgets
image_196.avif,New Fande Dress Women Analog Stainless steel Watch For Women NF6673G,999,,128952813,Gadgets
image_197.avif,Fastrack Stunners Quartz Analog Pink Dial Metal Strap Watch for Girls 6267SM02,999,,188529171,Gadgets
image_198.avif,Analog Brown Dial Men's Leather Band Watch,999,,409103436,Gadgets
image_199.avif,Chris Danel (Cd) Classic Round Slim Dial Design Romantic Couple Watch Analog Watch,999,,103928750,Gadgets
image_200.avif,Sonata Classic Quartz Analog Black Dial Silver Stainless Steel Strap Watch for Men -7987SM07,999,,130105210,Gadgets
image_201.avif,Fashionable Stick Index Men Watch PU Leather Strap Analog - Black/Rosegold,999,,128431664,Gadgets
image_202.avif,Titan Quartz Analog Black Dial Watch for Women -2648WM05,999,,129212925,Gadgets
image_203.avif,F17 Quartz Rubber Analog Men Watch || Sold By Best Supplier,999,,146570806,Gadgets
image_204.avif,Fashionable Stick Index PU Leather Strap Analog Watch for Women - Black/RoseGold,999,,154175943,Gadgets
image_205.avif,Unique Watches Mens Lighter Watch USB Charging Windproof Quartz Analog Wrist Watch,999,,110371557,Gadgets
image_206.avif,Apex Ceramic Black Stainless Steel Strap Analog Quartz Wrist Watch With Black Dial,999,,103458540,Gadgets
image_207.avif,"Skmei 2229 Dual Movement Men's Sport Watch – Waterproof, Shockproof, 4-Time Zone Digital Analog Wristwatch",999,,396153015,Gadgets
image_208.avif,NAVIFORCE NF9215 Analog Watch For Men Fashion Casual Sport Wrist Waterproof Stainless Steel Band,999,,128430021,Gadgets
image_209.avif,NaviForce NF9221 Dual Display Fashion Business Analog Digital Silicon Strap Watch For Men,999,,131734724,Gadgets
image_210.avif,Nf9126 Date Function Analog Watch For Men – Silver/Blue,999,,131389025,Gadgets
image_211.avif,Solid Synthetic Leather Band Green Color Analog Watch For Women,999,,122771632,Gadgets
image_212.avif,Fashionable Index Design Dial Fancy Analog Genuine Leather Strap Women Watch ( 2 Pic Combo Pack),999,,108943383,Gadgets
image_213.avif,"Stylish Quartz Analog Watch - Round Dial, 11mm Band, Fashionable Design, Versatile For Every Occasion, Durable Quality 40mm",999,,129469205,Gadgets
image_214.avif,Perfect Full Silver Chain Analog Watch With White Dial For Women,999,,100428225,Gadgets
image_215.avif,King Designers Leather Strap Fashionable Fancy Analog Watch- Unisex,999,,103297660,Gadgets
image_216.avif,Cool Stylish Korean Smart Design Analog Wrist Watch,999,,147537762,Gadgets
image_217.avif,Millenium Diamond Cutting Glass Dial Bracelet Design Strap Stainless Steel Analog Watch For Women,999,,103914197,Gadgets
image_218.avif,CIGA Design Full Hollow Analog Black Dial Men's Watch,999,,131804355,Gadgets
image_219.avif,STANDARD Stylish Business Quartz Luxury Trendy Fashionable Genuine Leather Strap Casual Analog Wrist Watch For Women - Black || Sold By Time Plaza,999,,208775887,Gadgets
image_220.avif,Perfect Full Gold Chain Analog Watch With Gold Dial For Men,999,,100736169,Gadgets
image_221.avif,NaviForce NF9214 Elegant Simple Analog Date Display Watch For Men - Silver,999,,131413425,Gadgets
image_222.avif,Sonata Grey Dial Analog Watch For Men -77083Sm03,999,,100588255,Gadgets
image_223.avif,(Casual+PartyWear+Formal) Stylish New For Mens Analog Watch - For Boys Exclusive 3 Designer Combo,999,,165401334,Gadgets
image_224.avif,Diamond Flower Dial Analog Casual Mesh Steel Magnet Strap Watch For Women,999,,103604305,Gadgets
image_225.avif,Millenium Diamond Cutting Glass Dial Bracelet Design Strap Stainless Steel Analog Watch For Women,999,,105432517,Gadgets
image_226.avif,Men’s Black Color Date StainlessSteel Quartz Analog Japan Movement Wrist Watch,999,,128130145,Gadgets
image_227.avif,NAVIFORCE Nf3008 Date Function Analog Stylish Elegant Quartz Casual Quartz Watch - Silver,999,,103346919,Gadgets
image_228.avif,Diamond Dial Analog Casual Mesh Steel Magnet Strap Watch For Women,999,,105860654,Gadgets
image_229.avif,Titan Silver Dial Analog Watch for Women,999,,123033269,Gadgets
image_230.avif,Chris Danel (Cd) Classic Round Slim Dial Design Romantic Couple Watch Analog Watch,999,,103936064,Gadgets
image_231.avif,SKMEI 1835 Small Dual Time Analog Digital Fashion Military Countdown Sports Watch For Men – Black/Gold,999,,129791134,Gadgets
image_232.avif,NAVIFORCE NF9223 Quartz Silicone Bracelet Sport Waterproof Alarm Analog Digitals Watch For Men,999,,129302321,Gadgets
image_233.avif,Fashionable Round Dial Stylish Leather Strap Watch For Men,999,,127899353,Gadgets
image_234.avif,Chris Danel (Cd) Classic Round Slim Dial Design Romantic Couple Watch Analog Watch,999,,105160411,Gadgets
image_235.avif,"NF3008 Couple Watch – Elegant Analog Design with Date Function, Stainless Steel Mesh Strap",999,,399045620,Gadgets
image_236.avif,Chris Danel (Cd) Classic Round Slim Dial Design Romantic Analog Watch For Women,999,,103930626,Gadgets
image_237.avif,Bolano Super Analog Watch |Super Silicon| Waterproof| Quartz Movement|,999,,169701039,Gadgets
image_238.avif,Chris Danel (Cd) Classic Round Slim Dial Design Romantic Couple Watch Analog Watch,999,,103938034,Gadgets
image_239.avif,NAVIFORCE Nf9153 Multi-Function Stainless Steel Digital/Analog Watch For Men – Brown,999,,103105024,Gadgets
image_240.avif,NaviForce NF9202 Creative Design Fashion Leather Strap Analog Wrist Watch Brown By For Men,999,,125490934,Gadgets
image_241.avif,Fashionable Round Coffee Dial Stainless Steel Coffee Color Chain Analog Quartz Moment Best Quality Watch For Women - Sold By Watch House,999,,133816180,Gadgets
image_242.avif,NAVIFORCE NF9160 Double Time Digital Analog Watch For Men - Brown/Yellow,999,,103054639,Gadgets
image_243.avif,Naviforce Men Black Analogue Watch,999,,129469450,Gadgets
image_244.avif,Couple Luxury Quartz Analog Square Shape Fashion Design Wrist Watch With Japan Movement - Coffee - Sold By Best Supplier,999,,146265194,Gadgets
image_245.avif,Chris Danel (Cd) Classic Round Dial Design Military Watch Analog Watch,999,,105076782,Gadgets
image_246.avif,STANDARD Stylish Business Quartz Luxury Fashionable Genuine Leather Strap Casual Analog Wrist Watch For Women - Black,999,,164512315,Gadgets
image_247.avif,STANDARD Full Steel Chain Analog Watch with Gold Dial For Women || Casual Waterproof Quartz Moment Watch For Women,999,,159671357,Gadgets
image_248.avif,Chris Danel (Cd) Classic Round Slim Diamond Index Design Dial Mesh Strap Analog Waterproof Watch,999,,105680192,Gadgets
image_249.avif,Titan Bandhan Quartz Analog with Date Silver Dial Stainless Steel Strap Watch for Couple -17752481KM01,999,,17752481,Gadgets
image_250.avif,Classic Waterproof Round Thin Dial Analog Watch for Women,999,,131389006,Gadgets
image_251.avif,NAVIFORCE Nf9038 Day/Date Function Analog Watch For Men,999,,129770152,Gadgets
image_252.avif,Black Combo Set of Wayfarer Sunglass and Elegant Watch with Premium Gift Box Packaging Analog Watch - For Men,999,,182456015,Gadgets
image_253.avif,Casual Desing Quartz Watch For Women || Ik Collection Stainless Steel Round White Dial Black Chain Best Quality Quartz Casual Watch For Women || Sold By Time Plaza,999,,185020224,Gadgets
image_254.avif,Watch For Man,999,,127058747,Gadgets
image_255.avif,NaviForce NF9214 Elegant Simple Analog Date Display Watch For Men - Black,999,,131451036,Gadgets
image_256.avif,Standard Full Steel Chain Analog Watch With Gold Dial For Women,999,,127896608,Gadgets
image_257.avif,Casio Silver Analog Watch For Men -EFV-570D-2AVUDF (EX447),999,,120627391,Gadgets
image_258.avif,Millenium Luxury Business Stainless Steel Strap Waterproof Analog Quartz Wrist Watch For Men,999,,105546379,Gadgets
image_259.avif,Fashionable Round Roman Dial Analog Mesh Magnetic Buckle Casual Mesh Steel Watch For Women-3Pic Combo Pack,999,,105066814,Gadgets
image_260.avif,Fashionable Index Design Dial Fancy Analog Genuine Leather Strap Women Watch,999,,108930404,Gadgets
image_261.avif,Luxury Analog Quartz Casual Tungsten Steel Wrist Watch - Brown,999,,125797351,Gadgets
image_262.avif,Casual Design Stainless Steel Round Silver Dial Silver Stainless Steel Chain Analog Quartz Moment Best Quality Watch For Women - Sold By Time Plaza,999,,133828733,Gadgets
image_263.avif,Fashionable Index Design Dial Fancy Analog Genuine Leather Strap Women Watch,999,,108944350,Gadgets
image_264.avif,Golden/Brown Roman Skeleton Dial Analog Watch For Men - Brown,999,,101208132,Gadgets
image_265.avif,Zesto Stainless Steel Luxury Men Watch Quartz Analog Business Chain Casual Wrist Dial SubmarinerX Watches For Boys Gents Black White Blue Green 180494045 NN Collection,999,,435404630,Gadgets
image_266.avif,Aweisuan Full Iced Out Watch for Men Multiple Colors Hip Hop Mens Watch Fashion Cool Bling Diamond Luxury Mens Watches Clock Relogio,999,,419509863,Gadgets
image_267.avif,,999,,154065677,Gadgets
image_268.avif,Standard Stylish Chronograph Design Only Analog Black Color Quartz Movement Casual Black Strap Stainless Steel Watch For Men,999,,130200049,Gadgets
image_269.avif,Golden And Silver Stripe with Black Dial Analog Design Watch For Men,999,,119475269,Gadgets
image_270.avif,Standard Analog Quartz Movement Casual Stainless Steel Waterproof Wrist Watch For Ladies - Brown,999,,164823088,Gadgets
image_271.avif,"Fashionable Watch Round 1,2,3,4 Numbering Black Dial Brown Leather Strap Waterproof Quartz Moment Attractive Design Watch For Men - Sold By Best Supplier",999,,133687753,Gadgets
image_272.avif,NaviForce NF9214 Elegant Simple Analog Date Display Watch For Men - Blue/Silver,999,,131430221,Gadgets
image_273.avif,Casual Design Stainless Steel Round Black Dial Silver Stainless Steel Chain Analog Quartz Moment Best Quality Watch For Women - Sold By Time Plaza,999,,133831527,Gadgets
image_274.avif,NaviForce NF9201 Men's Digital Analog Stainless Steel Complete Calendar Watch - Black/RoseGold,999,,115825703,Gadgets
image_275.avif,Couple Luxury Quartz Analog Square Shape Fashion Design Wrist Watch With Japan Movement - Brown || Sold By Time Plaza,999,,164570731,Gadgets
image_276.avif,Image Steel Chain(Strap) Casual Analog Watch For Unisex,999,,150143650,Gadgets
image_277.avif,SKMEI 1868 Men Casual Rectangle Dial Digital Analog Luminous Leather Strap Stopwatch - Black,999,,124728092,Gadgets
image_278.avif,Americo Black Chain Analog Watch With Black Dial For Women,999,,100410137,Gadgets
image_279.avif,SKMEI 1885 Men's Multifunction Digital Analog EL Light Complete Calendar Sport Watch - Black/White,999,,123076173,Gadgets
image_280.avif,F17 Quartz Rubber Analog Men Watch || Sold By Watch House,999,,146506888,Gadgets
image_281.avif,Round Stylish Silicone Strap Designer Analog Watch Red Color,999,,115190271,Gadgets
image_282.avif,SKMEI 1868 Casual Rectangle Dial Stopwatch Digital Analog Luminous Stainless Steel - Black,999,,124721827,Gadgets
image_283.avif,Standard Stylish Chronograph Design Only Analog Black Dial Quartz Movement Casual Silver Strap Stainless Steel Watch For Men,999,,130190941,Gadgets
image_284.avif,NaviForce NF9207 Fashion Digital Analog Complete Calendar Stainless Steel Watch For Men,999,,126308537,Gadgets
image_285.avif,Apex Couple Ceramic Black Stainless Steel Strap Analog Quartz Wrist Watch With Black Dial For Men,999,,103460454,Gadgets
image_286.avif,Casual Design Stainless Steel Round White Dial Black Rubber Strap Analog Quartz Moment Best Quality Watch For Men - Sold By Time Plaza,999,,133827904,Gadgets
image_287.avif,NaviForce NF9177 Top Luxury Series Day Date Function Analogue Quartz Watch For Men,999,,127075340,Gadgets
image_288.avif,SKMEI 1832 Analog Digital Dual Display Sport Chronograph LED Light Display Watch For Men - Black/Red,999,,121676102,Gadgets
image_289.avif,NAVIFORCE Nf9038 Day/Date Function Analog Watch For Men,999,,110443267,Gadgets
image_290.avif,NAVIFORCE NF9191 Men's Classic Stainless Steel Luminous Analog Casual Watch - Golden/Silver,999,,111301186,Gadgets
image_291.avif,Millenium Stylish Fashoin Casual Analog Watch For Women,999,,114423690,Gadgets
image_292.avif,Casual Design Stainless Steel Round Black Dial Silver Stainless Steel Chain Analog Quartz Moment Best Quality Watch For Men - Sold By Time Plaza,999,,133835235,Gadgets
image_293.avif,Fashionable Index Design Dial Fancy Analog Genuine Leather Strap Women Watch ( 2 Pic Combo Pack),999,,108931418,Gadgets
image_294.avif,Grey Strap Naviforce Analog Watch For Men,999,,129470443,Gadgets
image_295.avif,Fastrack Stunners Quartz Analog Silver Dial Metal Strap Watch for Men -3278SM02,999,,130208724,Gadgets
image_296.avif,Fastrack Varsity Black Dial Analog Watch For Women- 6175Sm02,999,,,Gadgets
image_297.avif,Solid Stainless Steel Silver Color Analog Watch For Men,999,,122769689,Gadgets
image_298.avif,STANDARD Stylish Business Quartz Luxury Trendy Fashionable Genuine Leather Strap Casual Analog Wrist Watch For Women - White/Black,999,,128262090,Gadgets
image_299.avif,White Dial Silver Stainless Steel Analog Watch For Men,999,,104962799,Gadgets
image_300.avif,Casual Design Stainless Steel Round Black Dial Silver Stainless Steel Chain Analog Quartz Moment Best Quality Watch For Men- Sold By Best Supplier,999,,133581941,Gadgets
image_301.avif,Women’s Luxury Quartz Analog Casual Design StainlessSteel Strap Waterproof Wrist Watch With Japan Movement || Sold By Watch House,999,,164490463,Gadgets
image_302.avif,NAVIFORCE Nf9126 Genuine Leather Quartz Movement Date Function Analog Wrist Watch For Men – Nf9126,999,,121417348,Gadgets
image_303.avif,Perfect Full Dual Tone Chain Analog Watch With Gold Dial For Men,999,,100416250,Gadgets
image_304.avif,SKMEI 1850 Multifunction 3Time Analog Digital Stainless Steel watch For Men,999,,120373581,Gadgets
image_305.avif,MILLENIUM Stainless Chain Analog Watch With Diamond Index Dial For Women,999,,105534661,Gadgets
image_306.avif,Luxury Business Stainless Steel Case Waterproof Analog Quartz Wrist Watch...,999,,173484638,Gadgets
image_307.avif,Standard Brown Color Square Shape StainlessSteel Waterproof Analog Quartz Movement Wrist Watch For Men,999,,128204019,Gadgets
image_308.avif,Casual Design Stainless Steel Round Black Dial Black Rubber Strap Analog Quartz Moment Best Quality Watch For Men - Sold By Watch House,999,,133832520,Gadgets
image_309.avif,NaviForce NF9095 Dual Time Digital Analog Watch For Men - Orange,999,,111288735,Gadgets
image_310.avif,SKMEI 1761 Men's Fashion Analog Digital Creative 3 -Time Alarm Sports LED Stopwatch - Green,999,,110049952,Gadgets
image_311.avif,NAVIFORCE Nf9152 Day Date Function Analog Stainless Steel Watch For Men– Blue,999,,103281883,Gadgets
image_312.avif,NAVIFORCE NF9216 Geometric Digital Analog Watch For Men - Golden/Black,999,,128217730,Gadgets
image_313.avif,NAVIFORCE NF9216 Geometric Digital Analog Watch For Men - Blue,999,,128225243,Gadgets
image_314.avif,Sonata Aspire Quartz Analog Silver Dial Leather Strap Watch for Men -77105SL16,999,,129746086,Gadgets
image_315.avif,SKMEI 1868 Men Watch Casual Rectangle Dial Stopwatch Digital Analog Luminous Stainless Steel - Silver,999,,126077819,Gadgets
image_316.avif,Sonata Aspire Quartz Analog Black Dial Leather Strap Watch for Men -77105NL09,999,,129743408,Gadgets
image_317.avif,Sonata Classic Quartz Analog Champagne Dial Golden Stainless Steel Strap Watch for Men -7987YM13,999,,130130358,Gadgets
image_318.avif,"Pack Of 2 Pcs Watch || Casual Design Blue Rubber Belt Round Blue Dial Watch & Black Rubber Belt Digital (Only Design), Analog Designer Best Quality Wrist Watch For Men || Sold By Time Plaza",999,,179828789,Gadgets
image_319.avif,Fashionable Stainless Steel Round Black Dial Black Rubber Strap Analog Quartz Moment Best Quality Watch For Men,999,,133571773,Gadgets
image_320.avif,NAVIFORCE NF9215 Analog Watch For Men Fashion Casual Sport Wrist Waterproof Stainless Steel Band,999,,128432093,Gadgets
image_321.avif,NaviForce NF7106 Fashion Classic Analog Square Shaped Watch For Women - Rosegold/Beige,999,,180753253,Gadgets
image_322.avif,,999,,409623589,Gadgets
image_323.avif,Solid Stainless Steel Golden Color Analog Watch For Men,999,,122773261,Gadgets
image_324.avif,Best Quality Waterproof Nf9126 Genuine Leather Round Dial Brown Leather Belt Quartz Movement Date Function Analog Wrist Watch For Men,999,,135806560,Gadgets
image_325.avif,Casual Design Stainless Steel Round White Dial Silver Stainless Steel Chain Analog Quartz Moment Best Quality Watch For Men - Sold By Watch House,999,,133835184,Gadgets
image_326.avif,NAVIFORCE NF9197 Men's Business Day Date Function Analog Digital Leather Strap Wristwatch - Coffee,999,,121190782,Gadgets
image_327.avif,KING Designers Leather Strap Fashionable Fancy Analog Watch- UNISEX,999,,100678067,Gadgets
image_328.avif,NAVIFORCE NF9171 Dual Movement Digital Analog Function Quartz Watch - Coffee/Silver,999,,103286248,Gadgets
image_329.avif,NAVIFORCE Nf9172 Dual Time Digital Analog Function Fashion Watch For Men - Orange/Brown,999,,103272909,Gadgets
image_330.avif,Casual Design Stainless Steel Round Silver Dial Silver Stainless Steel Chain Analog Quartz Moment Best Quality Watch For Men- Sold By Best Supplier,999,,133582924,Gadgets
image_331.avif,Casual Design Stainless Steel Round Black Dial Silver Stainless Steel Chain Analog Quartz Moment Best Quality Watch For Men - Sold By Time Plaza,999,,133827940,Gadgets
image_332.avif,NaviForce NF9221 Dual Display Fashion Business Analog Digital Silicon Strap Watch For Men,999,,131733977,Gadgets
image_333.avif,NaviForce NF9223 Fashion Chronograph Digital Analog Watch For Men - Black,999,,131672870,Gadgets
image_334.avif,Best Quality Waterproof Nf9126 Genuine Leather Round Dial Black Leather Belt Quartz Movement Date Function Analog Wrist Watch For Men - Sold By Time Plaza,999,,135797403,Gadgets
image_335.avif,Titan Lagan - Blue Dial Analog Watch for Men 1845KM01,999,,125418627,Gadgets
image_336.avif,SKMEI 1274 Fashion Digital Analog Multifunction Watch For Men - Black/Blue,999,,128053379,Gadgets
image_337.avif,Fashionable Round Coffee Dial Stainless Steel Coffice Color Chain Analog Quartz Moment Best Quality 2 Pics Pair Watch For Couple - Sold By Watch House,999,,133804707,Gadgets
image_338.avif,NaviForce NF9223 Fashion Chronograph Digital Analog Watch For Men - Green,999,,131679128,Gadgets
image_339.avif,Millenium Stylish Fashoin Casual Analog Watch For Women,999,,114426708,Gadgets
image_340.avif,Chris Danel (Cd) Classic Round Dial Design Military Watch Analog Watch,999,,105072957,Gadgets
image_341.avif,Analog Watch - For Men Combo Pack Of 2 Black & Brown - Near Me,999,,165377718,Gadgets
image_342.avif,NF8057 Men's Fashion Retro Multielement Digital Analog Leather Strap Watch - Black/Brown,999,,312562763,Gadgets
image_343.avif,Millenium Stylish Fashoin Casual Analog Watch For Men-Silver,999,,114427423,Gadgets
image_344.avif,Watch House -Luxury Business Stainless Steel Case Waterproof Analog Quartz Wrist Watch For Men With Day & Date Function,999,,106471887,Gadgets
image_345.avif,SKMEI 1617 Military 3Time Big Dial Fashion Sport Digital Analog Wristwatch For Men - Green,999,,115582528,Gadgets
image_346.avif,SKMEI 1389 MultiFunctional Business Analog Digital Stainless Steel Watches for Men - Silver,999,,128301437,Gadgets
image_347.avif,Chris Danel (Cd) Classic Round Slim Dial Design Romantic Couple Watch Analog Watch,999,,103928747,Gadgets
image_348.avif,NAVIFORCE Nf5009 Date Function Analog Stylish Elegant Quartz Casual Quartz Watch,999,,103089592,Gadgets
image_349.avif,Black Colour Case With Black Colour Magnetive Chain Fashionable Round Shape Watch For Women | Fashion Analog Watch For Women,999,,123862730,Gadgets
image_350.avif,Titan Karishma Quartz Analog Watch for Men 1823QM01,999,,127073655,Gadgets
image_351.avif,NAVIFORCE NF5005 Date Function Mesh Analog Ladies Watch - Rosegold,999,,103057632,Gadgets
image_352.avif,Nacked Dialed Fashionable Designed Analog Watch For Men - Gold Dial,999,,104422069,Gadgets
image_353.avif,Fashionable Stick Index Men Watch PU Leather Strap Analog - Black/Golden,999,,127879642,Gadgets
image_354.avif,Casual Design Stainless Steel Round White Dial Silver Stainless Steel Chain Analog Quartz Moment Best Quality Watch For Men - Sold By Time Plaza,999,,133832602,Gadgets
image_355.avif,Fashionable Stick Index Men Watch PU Leather Strap Analog - Black/Golden,999,,127893245,Gadgets
image_356.avif,Titan Analog Men's Watch 1824NM01,999,,127081469,Gadgets
image_357.avif,Millenium Fashionable Ceramic Design Strap Stainless Steel Analog Watch,999,,104428096,Gadgets
image_358.avif,Q&Q C214J103Y Black Strap Analog Watch For Men,999,,100289108,Gadgets
image_360.avif,Chris Danel (Cd) Classic Round Slim Dial Design Romantic Couple Watch Analog Watch,999,,103940021,Gadgets
image_361.avif,Titan Blue Dial Analog Watch For Men -1769Sm01,999,,128467839,Gadgets
image_362.avif,NAVIFORCE Nf9177 Top Luxury Series Day Date Function Analogue Quartz Watch - Brown,999,,104938080,Gadgets
image_363.avif,Fashionable Round Roman Dial Analog Mesh Magnetic Buckle Casual Mesh Steel Watch For Women,999,,102961175,Gadgets
image_364.avif,NAVIFORCE Nf9110 Luxury Chronograph Analog Quartz Leather Casual Watch For Men,999,,102953712,Gadgets
image_365.avif,Best Couple Watch Style Feathers Analogue Multi-Color Dial Black And White,999,,101160163,Gadgets
image_366.avif,NAVIFORCE Nf9074 Black Dial Leather Analog Watch For Men,999,,105906318,Gadgets
image_367.avif,NAVIFORCE Nf9160 Double Time Digital Analog Watch - Brown/Orange,999,,103051723,Gadgets
image_368.avif,Cuffan Rubber Chain Casual Analog Black Dial Watch For Men,999,,114422940,Gadgets
image_369.avif,Casio Enticer Analog Watch For Men MTP-V005L-1BUDF (A1489),999,,128031533,Gadgets
image_370.avif,Titan Quartz Analog White Dial Watch for Women -2648WM03,999,,129217611,Gadgets
image_372.avif,NAVIFORCE Nf3008 Date Function Analog Stylish Elegant Quartz Casual Quartz Watch - Gold,999,,103342923,Gadgets
image_373.avif,NAVIFORCE NF9144 Double Time Digital/Analog Quartz Watch For Men – Golden,999,,103328906,Gadgets
image_374.avif,Mark Fairwhale Sports Analog Chronograph Quartz Wrist Watch For Men FW-5650,999,,177696174,Gadgets
image_375.avif,NAVIFORCE NF9181 Dual Time Luxury Series Digital Analog Function Leather Watch For Men - Brown/RoseGold,999,,111305739,Gadgets
image_376.avif,Casio Analog Black Dial Watch For Men-MTP-VD03L-1AUDF,999,,127867682,Gadgets
image_377.avif,Titan Silver Dial Analog Watch 1698SL01 For Men,999,,128468571,Gadgets
image_378.avif,Long Life Premium Quality Semi Water Resistant Wirst Analog Watch - For Men,999,,291612069,Gadgets
image_379.avif,NAVIFORCE NF9124 Day Date Function Analog Watch For Men – Brown,999,,103323995,Gadgets
image_380.avif,Fastrack Stunners Quartz Analog Blue Dial Leather Strap Watch for Women -6282SL01,999,,129229475,Gadgets
image_381.avif,Casio G-Shock Black Analog Digital Resin Strap Watch For Men GA-2100-1ADR,999,,127865673,Gadgets
image_382.avif,Bolano B8830 Analog White Dial Watch For Men,999,,100293185,Gadgets
image_383.avif,Titan Neo Analog White Dial Women'S Watch-2617Wl01,999,,103598627,Gadgets
image_384.avif,Millenium Stylish Fashoin Casual Analog Watch For Men-Copper,999,,114434317,Gadgets
image_385.avif,NAVIFORCE Nf9130 Digital Mesh Stainless Steel Analog Quartz Waterproof Watch,999,,101020361,Gadgets
image_386.avif,Chris Danel (Cd) Classic Round Slim Dial Design Romantic Couple Watch Analog Watch,999,,103928751,Gadgets
image_387.avif,NaviForce NF9214 Elegant Simple Analog Date Display Watch For Men - Golden,999,,131413441,Gadgets
image_388.avif,CASI0 Quartz Analog Rectangle Unisex Watch,999,,173666475,Gadgets
image_390.avif,Shop4you Serpant Body Chain Designed Snake Dial Oval Shaped Analog Quartz Trendy Wrist Watches for Women,999,,181686748,Gadgets
image_391.avif,Titan Analog White Dial Women's Watch-2649WM01,999,,110278216,Gadgets
image_392.avif,NAVIFORCE Nf9050 Digital Analog Stainless Steel Watch For Men- Full Black,999,,100926451,Gadgets
image_393.avif,Sonata Quartz Analog Silver Dial Leather Strap Watch For Men-7135Sl01,999,,128473961,Gadgets
image_394.avif,NAVIFORCE NF9197 New Men's Business Stainless Steel Day Date Function Analog Digital Wristwatch - Silver/Blue,999,,111321163,Gadgets
image_395.avif,Classic Business Quartz Luxury Genuine Leather Strap Analog Wrist Watch,999,,105078437,Gadgets
image_396.avif,NAVIFORCE Nf9138 Digital Analog Dual Movement Stainless Steel Watch For Men– Black/Silver,999,,101042810,Gadgets
image_397.avif,NAVIFORCE NF9144 Double Time Digital/Analog Quartz Watch For Men – Red/Black,999,,103334821,Gadgets
image_398.avif,Titan Raga Viva Quartz Analog Brown Dial Brown Metal Strap Watch for Women 2606QM03,999,,177005920,Gadgets
image_399.avif,Skmei 9263 Stainless Steel Quartz Watche Big Needle Calendar Analogue Wristwatch,999,,120416229,Gadgets
image_401.avif,NAVIFORCE Nf5005 Date Function Mesh Analog Ladies Watch - Silver,999,,111291662,Gadgets
image_402.avif,STANDARD Stylish Business Quartz Luxury Fashionable Genuine Leather Strap Casual Analog Wrist Watch For Women - Black,999,,128267632,Gadgets
image_403.avif,Chris Danel (Cd) Classic Round Slim Diamond Index Design Dial Mesh Strap Analog Waterproof Couple Watch,999,,105678241,Gadgets
image_404.avif,Casio Mtp-V005L-7B Standard Analog Black Leather Band Silver Dial Watch For Men,999,,129569058,Gadgets
image_405.avif,Titan Karishma Grey Dial Analog Stainless Steel Strap Watch For Women -2678Bm01,999,,128472064,Gadgets
image_406.avif,NAVIFORCE NF9181 Dual Time Luxury Series Digital Analog Function Leather Watch For Men - Blue,999,,111291632,Gadgets
image_407.avif,NF9126 Genuine Leather Quartz Movement Date Function Analog Wrist Watch For Men â€“ NF9126 | Casual Watch For Men,999,,143727324,Gadgets
image_408.avif,Chris Danel (Cd) Classic Round Slim Dial Design Romantic Couple Watch Analog Watch,999,,103940017,Gadgets
image_409.avif,SKMEI 9293 Quartz Movement Luxury Business Casual Analog Stainless Steel Band Watch for Men,999,,389221462,Gadgets
image_410.avif,NaviForce NF9202 Creative Design Fashion Analog Watch For Men - Black/Grey,999,,119956493,Gadgets
image_411.avif,NAVIFORCE Nf9110 Luxury Chronograph Analog Watch For Men - Golden/Black,999,,101206051,Gadgets
image_412.avif,Fully Iced Watch Latest On Market For Boys N Girls,999,,128534331,Gadgets
image_413.avif,Best Quality Waterproof Nf9126 Genuine Leather Round Dial Brown Leather Belt Quartz Movement Date Function Analog Wrist Watch For Men - Sold By Time Plaza,999,,135793817,Gadgets
image_414.avif,Fashionable Index Design Dial Fancy Analog Genuine Leather Strap Women Watch,999,,113693319,Gadgets
image_415.avif,NaviForce NF5040 Women’s Elegant Simple Analog Luminous Leather Strap Watch,999,,158349705,Gadgets
image_416.avif,Chris Danel (Cd) Classic Round Slim Dial Design Watch Analog Watch,999,,103554121,Gadgets
image_417.avif,Perfect Full Dual Tone Chain Analog Watch With White Dial For Women,999,,100418248,Gadgets
image_418.avif,Standard Quartz Analog Japan Movement Waterproof White Dial Casual Wrist Watch For Ladies - White/Silver,999,,128146711,Gadgets
image_419.avif,Ik Collection Black Dialed Dual Tone Strap Fashionable Designed Analog Watch For Women,999,,129328557,Gadgets
image_420.avif,New Style Gemini Silver Analog Watch for Men,999,,127807416,Gadgets
image_421.avif,Titan Ladies Karishma 2020-21 Analog Steel Dial Women's Watch-2637WM01,999,,105334440,Gadgets
image_422.avif,Roman Dial Analog Casual Mesh Steel Magnet Strap Watch For Women,999,,103102283,Gadgets
image_423.avif,Sonata Quartz Analog with Date Utsav Grey Dial Watch for Men -77108NM01,999,,130102334,Gadgets
image_424.avif,NaviForce NF5040 Women’s Elegant Simple Analog Luminous Leather Strap Watch,999,,158361655,Gadgets
image_425.avif,Fashionable Rectangular Coffee Dial Stainless Steel Coffice Color Chain Analog Quartz Moment Best Quality Watch For Women - Sold By Time Plaza,999,,133810436,Gadgets
image_426.avif,Titan Karishma Quartz Analog Beige Dial Brown Stainless Steel Strap Watch For Women 2760QM01,999,,185467444,Gadgets
image_427.avif,NaviForce NF9095 Double Time Analog/Digital Watch For Men – Brown,999,,113075561,Gadgets
image_428.avif,NAVIFORCE NF9191 Men's Classic Stainless Steel Luminous Analog Casual Watch - Golden/Silver,999,,107898884,Gadgets
image_429.avif,SKMEI 1284 Women Watch Fashionable Rectangle Dial Roman Numeric Index Design Stainless Steel Analog - Silver,999,,126250325,Gadgets
image_430.avif,Supa Analog White Dial Flower Design Watch For Women,999,,108346400,Gadgets
image_431.avif,SF Quartz Analog White Dial Watch for Men 7930PP01,999,,177731201,Gadgets
image_432.avif,Titan Workmode Quartz Analog Silver Dial Metal Strap watch For Women 95313KM01,999,,409220959,Gadgets
image_433.avif,Gforce Luxury Quartz Fashionable Classic Dial Printed Design Waterproof Stainless Steel Genuine Leather Strap Wrist Watch With Japan Movement,999,,113520273,Gadgets
image_434.avif,Round Stylish Silicone Strap Designer Analog Watch Red Color,999,,123147002,Gadgets
image_435.avif,Gemini Round White Dial With Date Function Analog Watch For Women Eg-0043,999,,125258358,Gadgets
image_436.avif,Solid Stainless Steel Silver Gold Mix Color Analog Watch,999,,131382904,Gadgets
image_437.avif,NAVIFORCE Nf9172 Dual Time Digital Analog Function Fashion Watch - Brown,999,,103281031,Gadgets
image_438.avif,Analog Leather Strap Quartz Movement Watch With Date Display For Men,999,,128000790,Gadgets
image_439.avif,Millenium Diamond Cutting Glass Dial Bracelet Design Strap Stainless Steel Analog Watch For Women,999,,103910481,Gadgets
image_440.avif,Camouflage Military Sport Watches For Men Analog Men Watch Digital Waterproof Watch Men LED Wristwatch,999,,105991447,Gadgets
image_441.avif,NaviForce NF9202 Creative Design Fashion Leather Strap Analog Wrist Watch Brown By For Men,999,,125493426,Gadgets
image_442.avif,SKMEI 1834 Fashion Military Analog Digital Countdown Sports Watch For Men - White/Black,999,,115894617,Gadgets
image_443.avif,Fashionable Round Roman Dial Analog Mesh Magnetic Buckle Casual Mesh Steel Watch For Women 1. Peace,999,,105060986,Gadgets
image_444.avif,Best Quality Waterproof Nf9126 Genuine Leather Round Dial Blue Leather Belt Quartz Movement Date Function Analog Wrist Watch For Men,999,,135800991,Gadgets
image_445.avif,Stainless Steel Unisex Analog Wrist Watch From MVMT Shop4you With Soft Brown Strap,999,,129011250,Gadgets
image_446.avif,SKMEI 1514 Multifunction Outdoor Digital Analog Luminous Complete Calendar Wristwatch For Men – Black-Blue,999,,129693716,Gadgets
image_447.avif,SKMEI 1832 Analog Digital Dual Display Sport Chronograph LED Light Display Watch For Men - Black,999,,121645578,Gadgets
image_448.avif,Fashionable Round Coffee Dial Stainless Steel Coffice Color Chain Analog Quartz Moment Best Quality 2 Pics Pair Watch For Couple,999,,133443729,Gadgets
image_449.avif,Titan Karishma Quartz Analog Blue Dial Silver Stainless Steel Strap Watch For Women 2760SM02,999,,185303947,Gadgets
image_450.avif,Casual Design Stainless Steel Round Black Dial Black Rubber Strap Analog Quartz Moment Best Quality Watch For Men- Sold By Best Supplier,999,,133572891,Gadgets
image_451.avif,NAVIFORCE Nf9172 Dual Time Digital Analog Function Fashion Watch - Orange/Brown,999,,103273881,Gadgets
image_452.avif,Titan Quartz Analog With Date Silver Dial Stainless Steel Strap Watch For Men -1823Km01,999,,128471084,Gadgets
image_453.avif,Women’s Luxury Quartz Analog Casual Design StainlessSteel Strap Waterproof Wrist Watch With Japan Movement ||,999,,164915289,Gadgets
image_454.avif,STANDARD Full Stainless Steel Chain Analog Watch with White Dial For Women | Fashion Water Resistant Watch For Women || Sold By TIme Plaza,999,,159685194,Gadgets
image_455.avif,Millenium Stylish Fashoin Casual Analog Watch For Men-Copper,999,,114430462,Gadgets
image_456.avif,2Pcs Pair of Leather Strap Unisex Analogue Watch,999,,125210994,Gadgets
image_457.avif,Analogue Dial Women's Watch With Magnetic Strap,999,,115569088,Gadgets
image_458.avif,Titan Karishma Radiance Black Dial Analog Watch 1825YL03 For Men,999,,128463706,Gadgets
image_459.avif,Titan Karishma Quartz Analog Pink Leather Strap for Women - 2679YL02,999,,133267098,Gadgets
image_460.avif,Millenium Fashionable Ceramic Design Strap Stainless Steel Analog Watch,999,,104430078,Gadgets
image_461.avif,Maserati Eleganza Analog Watch R8851130001,999,,8851130001,Gadgets
image_462.avif,NAVIFORCE NF9188 Men's Stainless Steel Double Time Digital/Analog Quartz Wristwatch - Silver/Blue,999,,105278762,Gadgets
image_463.avif,Titan Maritime Watch with Anthracite Dial & Analog with Day and Date Function for Men 1873KM01,999,,124598276,Gadgets
image_464.avif,Black Analog Casual Watch for Men (Round Shape) - Elevate Your Casual Style with this Stylish Timepiece Designed for Men,999,,129463554,Gadgets
image_465.avif,Casual Designs Stainless Steel Round Black/White Dial Black Rubber Strap Analog Quartz Moment Best Quality Watch For Men- Sold By Best Supplier - 2 Pics Combo Pack,999,,133583289,Gadgets
image_466.avif,Luxury Roman Dial Waterproof Fashionable Full Steel Design Strap Stainless Steel Analog Watch,999,,104306922,Gadgets
image_467.avif,SKMEI 1617 Military 3Time Big Dial Fashion Sport Digital Analog Wristwatch For Men - Camouflage Green,999,,115575980,Gadgets
image_468.avif,Analog Dial Shape: Round Dial Color: White / bround Lightweight Suitable For Men and Women,999,,124366014,Gadgets
image_469.avif,Titan Karishma Quartz Analog Silver Dial Stainless Steel Strap Watch for Men -1825SM10,999,,130081164,Gadgets
image_470.avif,Casio Enticer Mtp-Vt01L-1B2Udf Analog Black Dial Watch For Men -A1821,999,,129566202,Gadgets
image_471.avif,SKMEI 1722 Simple Design Luxury Analog Silicone Strap Wrist Watch For Women - Black,999,,115099226,Gadgets
image_472.avif,NAVIFORCE NF9215 Analog Watch For Men Fashion Casual Sport Wrist Waterproof Stainless Steel Band,999,,128436022,Gadgets
image_473.avif,Stylish And Fashionable Round Shape Premium Leather Strap Analog Black & White Dial - Watch For Men,999,,418507859,Gadgets
image_474.avif,White Dial Silver Stainless Steel Analog Watch For Men,999,,104960842,Gadgets
image_475.avif,SKMEI 1850 Multifunction 3Time Analog Digital Stainless Steel watch For Men,999,,120378138,Gadgets
image_476.avif,Millenium Stylish Fashoin Casual Analog Watch For Men-Copper,999,,114426707,Gadgets
image_477.avif,NAVIFORCE NF9197 New Men's Business Day Date Function Analog Digital Leather Strap Wristwatch - Blue,999,,110143983,Gadgets
image_478.avif,NaviForce NF9221 Dual Display Fashion Business Analog Digital Silicon Strap Watch For Men,999,,131737351,Gadgets
image_479.avif,NaviForce NF5040 Women's Elegant Simple Analog Luminous Leather Strap Watch - Beige,999,,180072327,Gadgets
image_480.avif,Fashionable Stainless Steel Round White Dial Black Rubber Strap Analog Quartz Moment Best Quality Watch For Men,999,,133571907,Gadgets
image_481.avif,NaviForce NF9214 Elegant Simple Analog Date Display Watch For Men - Black/Silver,999,,131429300,Gadgets
image_482.avif,Sonata Quartz Analog White Dial Leather Strap Watch for Men - 77083YL02,999,,173226307,Gadgets
image_483.avif,Sonata - Blue Dial Analog Watch for Women 8141SM07,999,,125410889,Gadgets
image_484.avif,Kristal Time Analog White Dial Black Chain Watch For Men,999,,104414586,Gadgets
image_485.avif,NAVIFORCE Nf9110 Luxury Chronograph Analog Quartz Leather Casual Watch For Men,999,,102956720,Gadgets
image_486.avif,Sonata Force Quartz Analog with Day and Date Blue Dial Stainless Steel Strap Watch for Men 7146NM01,999,,179173971,Gadgets
image_487.avif,NaviForce NF9221 Dual Display Fashion Business Analog Digital Silicon Strap Watch For Men,999,,131735749,Gadgets
image_488.avif,Casual Designs Stainless Steel Round Black/White Dial Black Rubber Strap Analog Quartz Moment Best Quality Watch For Men - 2 Pics Combo Pack - Sold By Time Plaza,999,,133834486,Gadgets
image_489.avif,NaviForce NF9244 Men's Elegant Simple Stainless Steel Analog Date Display Watch - Golden,999,,310866772,Gadgets
image_490.avif,Casual Design Stainless Steel Round White Dial Black Rubber Strap Analog Quartz Moment Best Quality Watch For Men - Sold By Watch House,999,,133831490,Gadgets
image_491.avif,Titan Karishma Quartz Analog Green Dial Stainless Steel Strap Watch for Men - 1825SM11,999,,133213956,Gadgets
image_492.avif,Sonata Quartz Analog Black Dial Watch for Men 77083NM01,999,,177072263,Gadgets
image_493.avif,MILLENIUM Stainless Chain Analog Watch With Diamond Index Dial For Women,999,,105430584,Gadgets
image_494.avif,O MEGA Watches Men's Analogue Quartz with Stainless Steel Band,999,,418056663,Gadgets
image_495.avif,Nf9126 Date Function Analog Watch For Men - Rose Gold/Black,999,,131387672,Gadgets
image_496.avif,SKMEI 1584 Men's Multifunction Square Dial Digital Analog LED Chronograph Stainless Steel Wristwatch - Golden,999,,121599261,Gadgets
image_497.avif,NaviForce NF9117L Date/Day Function Analog Watch For Men- Silver/Brown,999,,114498252,Gadgets
image_498.avif,Sonata Classic Quartz Analog Black Dial Golden Stainless Steel Strap Watch for Men -7987YM12,999,,130182518,Gadgets
image_499.avif,"Pack Of 2 Pcs Watch || Casual Design Black Rubber Belt Round Black Dial Gold Case Watch & Black Rubber Belt Digital (Only Design), Analog Designer Best Quality Wrist Watch For Men || Sold By Time Plaza",999,,179828879,Gadgets
image_500.avif,Millenium Stylish Fashoin Casual Analog Watch For Women,999,,114433439,Gadgets
image_501.jpg,Paidu Set Of 2 Black Casual Analog Watch For Unisex,999,,122602580,Gadgets
image_502.jpg,NAVIFORCE NF9172 Dual Time Digital Analog Function Fashion Watch - Black,999,,103287186,Gadgets
image_503.jpg,STANDARD Stylish Business Quartz Black Luxury Fashionable Silicon Strap Casual Analog Wrist Watch For Women,999,,131894955,Gadgets
image_504.avif,Solid Stainless Steel Golden Color Analog Watch For Women,999,,122768978,Gadgets
image_505.avif,Kademan Casual Men Watch Date Display Round Dial Camouflage Leather Strap Analog - Black,999,,125124932,Gadgets
image_506.avif,Titan Lagan White Dial Analog with Day and Date Metal Strap Watch for Men - 1775BM02,999,,144565498,Gadgets
image_507.avif,NAVIFORCE NF9197 New Men's Business Day Date Function Analog Digital Leather Strap Wristwatch,999,,111266073,Gadgets
image_508.avif,NAVIFORCE NF9216 Geometric Digital Analog Watch For Men - Rosegold/Black,999,,128217734,Gadgets
image_509.avif,Chris Danel Men's Hollow Nacked Dialed Fashionable Designer Analog Watch - Golden/Black,999,,135371881,Gadgets
image_510.avif,Casual Design Stainless Steel Round White Dial Silver Stainless Steel Chain Analog Quartz Moment Best Quality Watch For Men,999,,133588089,Gadgets
image_511.avif,Fashionable Stainless Steel Round White Dial Black Rubber Strap Analog Quartz Moment Best Quality Watch For Men - Sold By Time Plaza,999,,133814760,Gadgets